timestamp,air_temperature,surface_snow_thickness,wind_speed,wind_from_direction,relative_humidity,max_wind_gust,max_wind_speed,min_air_temperature,max_air_temperature,precip_duration,precip_amount,dew_point_temperature
2022-11-01 00:00:00,6.8,,2.6,154,81,4.6,3.1,6.4,6.9,0.0,0.0,3.8
2022-11-01 01:00:00,7.9,,4.0,140,75,7.9,4.0,6.9,7.9,0.0,0.0,3.8
2022-11-01 02:00:00,7.8,,5.5,123,76,9.7,6.5,7.7,8.2,0.0,0.0,3.9
2022-11-01 03:00:00,8.3,,6.9,142,73,11.9,7.2,7.7,8.4,0.0,0.0,3.8
2022-11-01 04:00:00,8.7,,8.4,145,73,13.9,8.4,8.2,8.8,0.0,0.0,4.1
2022-11-01 05:00:00,8.5,,8.8,122,72,15.5,8.9,8.3,8.8,0.0,0.0,3.8
2022-11-01 06:00:00,8.9,,8.1,125,71,16.4,10.7,8.4,9.3,0.0,0.0,3.9
2022-11-01 07:00:00,9.0,,7.8,117,72,16.7,9.9,8.8,9.0,0.0,0.0,4.3
2022-11-01 08:00:00,9.6,,8.0,145,70,15.0,8.3,9.0,9.7,2.0,0.0,4.5
2022-11-01 09:00:00,9.5,,11.4,146,72,21.0,13.1,9.2,9.8,0.0,0.0,4.8
2022-11-01 10:00:00,9.2,,9.2,148,73,21.3,12.6,9.2,9.6,0.0,0.0,4.6
2022-11-01 11:00:00,9.1,,8.4,144,74,17.1,9.3,9.1,9.3,0.0,0.0,4.8
2022-11-01 12:00:00,9.5,,7.0,145,74,15.8,8.9,9.1,9.5,0.0,0.0,5.1
2022-11-01 13:00:00,9.2,,7.5,137,76,15.1,8.3,8.9,9.7,16.0,0.3,5.1
2022-11-01 14:00:00,9.8,,6.8,145,73,16.2,9.0,9.2,9.8,2.0,0.2,5.1
2022-11-01 15:00:00,10.0,,9.6,148,75,17.7,9.6,9.9,10.6,0.0,0.0,5.8
2022-11-01 16:00:00,9.6,,6.1,156,79,14.3,9.3,9.6,10.4,3.0,0.0,6.2
2022-11-01 17:00:00,9.0,,4.7,147,90,11.6,6.6,9.0,9.7,30.0,0.9,7.5
2022-11-01 18:00:00,8.1,,3.4,138,93,7.7,4.5,8.1,8.9,48.0,1.6,7.0
2022-11-01 19:00:00,7.4,,2.2,149,96,8.4,3.7,7.4,8.0,58.0,0.6,6.8
2022-11-01 20:00:00,7.3,,1.2,176,95,5.7,2.7,7.3,7.5,23.0,0.3,6.5
2022-11-01 21:00:00,7.2,,1.6,141,94,5.4,2.5,7.2,7.4,19.0,0.1,6.4
2022-11-01 22:00:00,6.9,,1.8,141,93,4.7,2.2,6.9,7.2,11.0,0.3,5.9
2022-11-01 23:00:00,6.6,,1.6,143,92,4.6,1.8,6.6,6.9,45.0,1.6,5.5
2022-11-02 00:00:00,6.2,,1.5,146,95,3.4,2.0,6.1,6.6,2.0,0.1,5.5
2022-11-02 01:00:00,5.1,,2.1,138,92,6.1,2.5,5.1,6.5,49.0,5.4,3.9
2022-11-02 02:00:00,4.4,,1.7,174,94,6.4,2.6,4.3,5.1,40.0,2.7,3.6
2022-11-02 03:00:00,5.2,,2.4,171,87,4.5,2.9,4.4,5.2,0.0,0.0,3.2
2022-11-02 04:00:00,5.3,,1.8,151,87,5.0,2.7,5.2,5.6,0.0,0.0,3.2
2022-11-02 05:00:00,5.3,,2.0,158,83,3.8,2.2,5.3,5.7,0.0,0.0,2.7
2022-11-02 06:00:00,4.3,,0.9,214,87,3.2,2.0,4.0,5.2,0.0,0.0,2.3
2022-11-02 07:00:00,5.3,,1.1,194,86,2.2,1.3,4.2,5.3,7.0,0.0,3.2
2022-11-02 08:00:00,4.8,,0.9,134,93,2.9,1.5,4.8,5.4,50.0,0.5,3.8
2022-11-02 09:00:00,4.5,,0.6,265,88,1.8,1.2,4.5,4.9,53.0,1.6,2.7
2022-11-02 10:00:00,4.0,,0.1,233,92,1.7,0.9,4.0,4.6,59.0,1.5,2.9
2022-11-02 11:00:00,3.6,,1.2,192,92,1.8,1.3,3.6,4.0,59.0,1.9,2.5
2022-11-02 12:00:00,3.8,,1.2,147,93,2.0,1.2,3.6,3.8,25.0,0.3,2.7
2022-11-02 13:00:00,4.9,,1.2,109,92,2.2,1.3,3.8,5.0,14.0,0.2,3.8
2022-11-02 14:00:00,4.9,,0.9,151,91,2.7,1.7,4.8,5.2,16.0,0.1,3.6
2022-11-02 15:00:00,4.1,,1.0,181,94,2.5,1.3,4.1,4.9,0.0,0.0,3.2
2022-11-02 16:00:00,3.9,,1.5,185,94,2.1,1.5,3.9,4.3,3.0,0.1,3.0
2022-11-02 17:00:00,4.4,,1.7,176,92,3.0,1.8,3.8,4.4,0.0,0.0,3.2
2022-11-02 18:00:00,4.4,,1.4,148,94,3.4,2.1,4.4,4.5,32.0,0.4,3.6
2022-11-02 19:00:00,4.5,,2.1,163,93,3.7,2.1,4.3,4.5,6.0,0.1,3.4
2022-11-02 20:00:00,3.7,,2.9,151,85,5.4,2.9,3.5,4.5,0.0,0.0,1.5
2022-11-02 21:00:00,3.9,,3.6,152,79,5.8,3.6,3.5,3.9,0.0,0.0,0.6
2022-11-02 22:00:00,4.4,,4.5,142,76,8.3,4.5,3.7,4.4,0.0,0.0,0.6
2022-11-02 23:00:00,5.3,,4.8,150,78,8.5,5.1,4.2,5.3,0.0,0.0,1.7
2022-11-03 00:00:00,5.8,,5.0,146,78,9.6,5.6,5.2,5.8,0.0,0.0,2.3
2022-11-03 01:00:00,7.2,,6.0,145,75,11.4,6.3,5.8,7.2,0.0,0.0,3.2
2022-11-03 02:00:00,7.9,,6.9,147,72,13.5,7.1,7.1,7.9,0.0,0.0,3.2
2022-11-03 03:00:00,5.8,,5.6,145,85,10.8,7.1,5.8,7.9,21.0,0.0,3.4
2022-11-03 04:00:00,5.8,,3.7,139,89,8.9,5.5,5.4,6.0,47.0,1.6,4.1
2022-11-03 05:00:00,5.1,,1.9,154,93,8.6,4.7,5.1,5.9,46.0,6.5,4.1
2022-11-03 06:00:00,5.8,,3.4,136,87,5.9,3.6,4.9,6.1,0.0,0.0,3.8
2022-11-03 07:00:00,6.6,,4.2,140,80,8.1,4.2,5.8,6.8,0.0,0.0,3.4
2022-11-03 08:00:00,7.0,,2.8,142,78,8.1,4.7,6.6,7.1,0.0,0.0,3.4
2022-11-03 09:00:00,6.2,,2.0,154,88,6.6,3.5,6.1,7.0,18.0,0.3,4.5
2022-11-03 10:00:00,6.4,,2.6,135,90,5.1,2.6,6.2,6.5,13.0,0.0,4.8
2022-11-03 11:00:00,6.5,,2.3,130,89,4.5,2.7,6.3,6.6,12.0,0.2,4.8
2022-11-03 12:00:00,6.7,,1.7,140,88,4.6,2.6,6.4,6.7,13.0,0.2,4.8
2022-11-03 13:00:00,6.4,,0.9,154,92,3.2,1.7,6.3,6.7,33.0,0.5,5.1
2022-11-03 14:00:00,5.9,,1.2,142,95,3.5,1.9,5.9,6.4,50.0,0.8,5.1
2022-11-03 15:00:00,5.8,,1.6,143,95,3.2,2.0,5.7,5.9,6.0,0.2,5.0
2022-11-03 16:00:00,5.6,,2.0,145,86,4.9,2.5,5.6,6.1,57.0,0.8,3.4
2022-11-03 17:00:00,4.9,,0.7,172,92,5.0,2.8,4.9,5.8,59.0,2.0,3.8
2022-11-03 18:00:00,4.8,,0.3,110,90,2.1,1.0,4.7,4.9,59.0,2.6,3.2
2022-11-03 19:00:00,4.5,,0.6,265,91,2.5,1.7,4.4,5.0,59.0,2.3,3.0
2022-11-03 20:00:00,4.7,,0.0,0,95,2.1,0.9,4.5,4.8,59.0,3.2,3.9
2022-11-03 21:00:00,4.3,,0.0,0,97,2.4,1.0,4.3,4.7,59.0,3.5,3.9
2022-11-03 22:00:00,6.5,,1.5,132,97,3.3,1.5,4.3,6.5,56.0,3.9,6.1
2022-11-03 23:00:00,5.8,,2.5,135,95,9.1,3.4,5.8,6.8,54.0,2.9,5.0
2022-11-04 00:00:00,6.1,,2.6,144,91,5.7,3.1,5.8,6.3,52.0,1.6,4.8
2022-11-04 01:00:00,5.6,,1.2,149,94,4.7,2.6,5.6,6.1,37.0,0.6,4.8
2022-11-04 02:00:00,5.6,,0.0,0,95,2.2,1.3,5.5,5.7,44.0,1.2,4.8
2022-11-04 03:00:00,5.6,,0.5,349,95,1.8,0.5,5.6,5.8,3.0,0.1,4.8
2022-11-04 04:00:00,7.3,,3.1,149,87,6.3,3.3,5.6,7.4,29.0,0.1,5.3
2022-11-04 05:00:00,7.0,,2.2,141,87,4.3,2.9,6.9,7.3,6.0,0.2,5.0
2022-11-04 06:00:00,6.8,,1.8,151,81,5.0,2.6,6.8,7.0,1.0,0.0,3.8
2022-11-04 07:00:00,6.5,,0.2,254,83,4.0,2.0,6.2,6.9,13.0,0.2,3.9
2022-11-04 08:00:00,6.9,,0.7,145,85,4.7,2.4,6.3,7.2,13.0,0.1,4.6
2022-11-04 09:00:00,5.8,,0.4,297,96,2.1,0.9,5.8,7.0,20.0,0.3,5.1
2022-11-04 10:00:00,5.8,,0.6,333,96,1.6,0.9,5.7,6.3,16.0,0.2,5.1
2022-11-04 11:00:00,7.0,,1.8,124,83,5.0,2.7,5.8,7.2,12.0,0.1,4.3
2022-11-04 12:00:00,6.7,,3.4,120,81,5.9,3.4,6.7,7.1,53.0,0.5,3.6
2022-11-04 13:00:00,6.3,,3.8,122,82,6.7,3.8,6.3,6.8,57.0,0.2,3.6
2022-11-04 14:00:00,5.8,,3.4,131,79,6.9,3.7,5.7,6.2,56.0,0.9,2.5
2022-11-04 15:00:00,5.1,,1.6,330,87,4.8,3.2,5.1,5.9,32.0,0.3,3.2
2022-11-04 16:00:00,5.7,,1.1,336,77,5.9,2.1,5.0,6.0,4.0,0.0,2.1
2022-11-04 17:00:00,5.4,,1.1,259,78,3.7,2.1,4.9,5.8,0.0,0.0,1.9
2022-11-04 18:00:00,5.4,,0.6,180,76,3.4,1.7,5.4,6.2,0.0,0.0,1.5
2022-11-04 19:00:00,5.8,,0.3,241,77,2.7,1.4,4.5,5.9,0.0,0.0,2.1
2022-11-04 20:00:00,4.9,,1.7,288,81,2.8,1.9,4.9,5.8,0.0,0.0,1.9
2022-11-04 21:00:00,5.4,,1.2,320,79,4.2,2.6,4.8,5.8,0.0,0.0,2.1
2022-11-04 22:00:00,5.4,,1.5,300,83,3.3,2.3,5.2,5.7,7.0,0.0,2.9
2022-11-04 23:00:00,4.4,,0.4,118,93,3.9,1.9,4.4,5.5,0.0,0.0,3.4
2022-11-05 00:00:00,4.2,,0.0,0,98,1.9,1.1,4.2,4.5,5.0,0.0,3.9
2022-11-05 01:00:00,3.9,,0.8,338,98,2.5,0.9,3.9,4.2,40.0,0.0,3.6
2022-11-05 02:00:00,3.9,,0.3,351,98,1.9,0.8,3.9,3.9,55.0,0.4,3.6
2022-11-05 03:00:00,3.7,,1.7,336,96,3.4,1.8,3.7,3.9,59.0,0.5,3.2
2022-11-05 04:00:00,3.8,,0.9,17,96,4.7,1.8,3.7,3.8,10.0,0.1,3.2
2022-11-05 05:00:00,3.8,,0.4,208,95,4.5,1.7,3.8,3.9,12.0,0.0,3.0
2022-11-05 06:00:00,3.6,,0.4,36,96,2.2,1.0,3.6,3.8,14.0,0.1,3.0
2022-11-05 07:00:00,3.3,,0.8,201,94,2.3,0.9,3.3,3.6,0.0,0.0,2.3
2022-11-05 08:00:00,3.5,,0.3,150,96,1.5,0.9,3.2,3.5,40.0,0.9,3.0
2022-11-05 09:00:00,4.0,,1.0,50,97,3.1,1.4,3.5,4.0,20.0,0.1,3.6
2022-11-05 10:00:00,4.3,,1.2,51,97,3.9,1.5,4.1,4.3,43.0,0.7,3.9
2022-11-05 11:00:00,4.4,,2.3,6,97,5.4,2.3,4.3,4.7,48.0,1.2,3.9
2022-11-05 12:00:00,4.7,,1.4,102,94,6.6,2.6,4.4,4.7,33.0,0.5,3.8
2022-11-05 13:00:00,4.8,,1.0,8,93,5.4,2.2,4.7,4.9,23.0,0.2,3.8
2022-11-05 14:00:00,4.5,,1.0,127,94,5.4,2.0,4.4,4.8,48.0,1.1,3.6
2022-11-05 15:00:00,3.9,,1.7,112,91,4.5,2.5,3.9,4.5,54.0,2.5,2.7
2022-11-05 16:00:00,3.6,,1.3,353,94,4.9,2.0,3.6,4.2,41.0,2.2,2.7
2022-11-05 17:00:00,2.7,,1.9,127,91,4.0,1.9,2.7,3.6,54.0,3.5,1.3
2022-11-05 18:00:00,3.3,,0.3,121,95,3.7,2.1,2.7,3.3,59.0,3.7,2.5
2022-11-05 19:00:00,3.2,,0.8,173,96,2.7,1.2,3.2,3.4,2.0,0.2,2.7
2022-11-05 20:00:00,3.2,,1.0,159,95,2.5,1.4,3.2,3.3,0.0,0.0,2.5
2022-11-05 21:00:00,3.4,,1.6,156,92,3.6,2.3,3.2,3.4,0.0,0.0,2.3
2022-11-05 22:00:00,3.6,,1.1,168,90,4.8,2.7,3.3,3.6,5.0,0.0,2.1
2022-11-05 23:00:00,4.0,,1.5,175,87,3.5,2.0,3.6,4.0,10.0,0.1,1.9
2022-11-06 00:00:00,4.0,,2.1,151,92,3.6,2.1,3.9,4.0,41.0,0.5,2.9
2022-11-06 01:00:00,4.0,,3.1,157,90,5.0,3.2,3.8,4.0,59.0,1.4,2.5
2022-11-06 02:00:00,4.2,,3.2,150,92,5.4,3.2,3.9,4.2,59.0,1.5,3.0
2022-11-06 03:00:00,4.7,,3.1,147,91,5.7,3.7,4.2,4.9,59.0,0.5,3.2
2022-11-06 04:00:00,4.8,,2.1,150,96,4.8,3.2,4.6,4.8,59.0,2.2,4.3
2022-11-06 05:00:00,5.4,,0.6,78,97,3.9,2.3,4.8,5.4,59.0,2.2,5.0
2022-11-06 06:00:00,5.4,,2.1,134,91,5.2,2.9,5.3,5.6,27.0,0.2,4.1
2022-11-06 07:00:00,5.3,,3.0,143,92,6.9,3.0,5.1,5.4,45.0,1.1,4.1
2022-11-06 08:00:00,5.2,,2.0,120,92,5.2,3.2,5.0,5.3,53.0,0.2,4.1
2022-11-06 09:00:00,5.1,,1.3,142,95,5.8,2.5,5.1,5.2,20.0,0.1,4.5
2022-11-06 10:00:00,5.5,,1.0,157,90,4.5,1.7,5.1,5.5,23.0,0.1,3.9
2022-11-06 11:00:00,5.6,,1.1,203,91,4.8,1.5,5.4,5.6,14.0,0.0,4.3
2022-11-06 12:00:00,5.4,,0.4,160,93,3.5,1.5,5.4,5.6,27.0,0.6,4.5
2022-11-06 13:00:00,5.5,,0.9,153,93,4.2,2.0,5.4,5.6,0.0,0.0,4.5
2022-11-06 14:00:00,5.4,,1.0,130,91,3.2,1.4,5.4,5.7,0.0,0.0,4.1
2022-11-06 15:00:00,4.6,,0.9,157,93,2.3,1.2,4.6,5.4,12.0,0.2,3.6
2022-11-06 16:00:00,3.5,,2.4,210,90,3.3,2.4,3.5,4.5,0.0,0.0,2.1
2022-11-06 17:00:00,3.7,,2.1,171,92,3.7,2.5,3.3,3.8,0.0,0.0,2.7
2022-11-06 18:00:00,3.7,,2.5,154,82,4.3,2.5,3.4,3.7,0.0,0.0,1.1
2022-11-06 19:00:00,4.4,,4.4,114,75,7.3,4.4,3.7,4.5,0.0,0.0,0.4
2022-11-06 20:00:00,4.9,,5.9,112,71,10.1,6.9,4.4,5.0,0.0,0.0,0.2
2022-11-06 21:00:00,5.4,,6.8,106,71,10.2,7.0,4.8,5.4,0.0,0.0,0.6
2022-11-06 22:00:00,4.7,,4.7,123,84,9.8,6.6,4.7,5.5,33.0,0.0,2.1
2022-11-06 23:00:00,5.7,,4.6,119,76,9.9,5.4,4.6,5.7,28.0,0.6,1.9
2022-11-07 00:00:00,5.2,,7.1,118,80,12.8,7.6,4.9,5.7,50.0,0.3,2.1
2022-11-07 01:00:00,4.8,,3.4,117,84,9.4,7.2,4.8,5.3,59.0,2.0,2.3
2022-11-07 02:00:00,5.2,,3.5,131,80,9.6,5.2,4.8,5.4,54.0,1.5,2.1
2022-11-07 03:00:00,4.9,,4.4,145,83,10.2,4.9,4.8,5.4,59.0,2.2,2.3
2022-11-07 04:00:00,4.8,,4.5,123,85,8.7,5.3,4.8,5.1,59.0,2.9,2.5
2022-11-07 05:00:00,4.7,,4.1,120,85,7.9,4.7,4.7,5.0,59.0,3.6,2.3
2022-11-07 06:00:00,4.6,,3.3,126,85,7.4,4.6,4.5,4.9,59.0,2.2,2.3
2022-11-07 07:00:00,4.5,,4.1,121,85,6.8,4.1,4.4,4.8,59.0,1.4,2.1
2022-11-07 08:00:00,4.2,,2.3,147,89,7.1,4.1,4.2,4.5,59.0,0.4,2.7
2022-11-07 09:00:00,4.1,,0.0,0,95,3.5,2.2,4.0,4.3,59.0,0.5,3.4
2022-11-07 10:00:00,4.2,,1.1,128,97,1.9,1.2,4.1,4.4,40.0,0.1,3.9
2022-11-07 11:00:00,4.8,,0.4,54,98,1.9,1.5,4.1,4.8,37.0,0.2,4.5
2022-11-07 12:00:00,5.3,,1.2,135,95,2.5,1.2,4.8,5.4,19.0,0.1,4.6
2022-11-07 13:00:00,5.3,,0.9,80,97,2.7,1.3,5.1,5.3,20.0,0.0,4.8
2022-11-07 14:00:00,5.0,,1.9,121,94,4.7,1.9,5.0,5.4,28.0,0.2,4.1
2022-11-07 15:00:00,4.5,,1.3,112,92,5.5,1.9,4.5,5.0,0.0,0.0,3.2
2022-11-07 16:00:00,4.2,,0.9,160,94,2.2,1.4,4.2,4.5,0.0,0.0,3.4
2022-11-07 17:00:00,4.5,,0.5,153,95,1.8,0.8,4.2,4.5,0.0,0.0,3.8
2022-11-07 18:00:00,4.8,,0.9,170,95,2.0,1.2,4.5,4.8,0.0,0.0,4.1
2022-11-07 19:00:00,4.9,,1.2,170,95,2.4,1.3,4.7,4.9,0.0,0.0,4.3
2022-11-07 20:00:00,5.2,,0.9,180,93,2.6,1.5,4.9,5.2,0.0,0.0,4.3
2022-11-07 21:00:00,5.2,,1.2,174,95,2.0,1.2,5.1,5.2,14.0,0.0,4.6
2022-11-07 22:00:00,5.5,,1.9,165,93,3.5,2.0,5.2,5.5,11.0,0.1,4.5
2022-11-07 23:00:00,5.5,,1.7,162,89,3.3,2.0,5.3,5.5,15.0,0.2,3.8
2022-11-08 00:00:00,5.5,,2.4,171,93,4.9,3.1,5.3,5.6,44.0,0.6,4.5
2022-11-08 01:00:00,6.1,,2.1,173,95,4.2,2.5,5.5,6.1,59.0,1.7,5.3
2022-11-08 02:00:00,6.5,,2.3,166,96,4.6,2.5,6.1,6.5,48.0,1.6,5.9
2022-11-08 03:00:00,6.9,,2.3,163,95,4.3,2.4,6.5,6.9,53.0,1.5,6.2
2022-11-08 04:00:00,7.1,,1.5,169,94,4.3,2.5,6.9,7.2,43.0,0.7,6.2
2022-11-08 05:00:00,7.4,,2.1,156,93,4.2,2.4,7.1,7.4,10.0,0.1,6.4
2022-11-08 06:00:00,7.9,,2.8,149,89,5.3,2.8,7.4,7.9,0.0,0.0,6.2
2022-11-08 07:00:00,8.0,,2.5,159,91,5.8,3.2,7.7,8.0,47.0,1.4,6.5
2022-11-08 08:00:00,7.9,,2.2,147,93,7.5,3.7,7.9,8.2,15.0,0.1,7.0
2022-11-08 09:00:00,8.6,,3.4,140,85,6.0,3.7,7.8,8.7,0.0,0.0,6.2
2022-11-08 10:00:00,8.8,,2.7,144,81,6.6,4.1,8.6,9.1,5.0,0.0,5.8
2022-11-08 11:00:00,8.9,,3.0,151,85,6.6,3.6,8.5,9.0,23.0,0.4,6.5
2022-11-08 12:00:00,8.8,,3.4,142,89,6.8,3.5,8.8,9.0,44.0,0.8,7.1
2022-11-08 13:00:00,8.7,,2.8,140,91,6.6,3.7,8.6,8.8,44.0,0.5,7.4
2022-11-08 14:00:00,8.7,,3.2,144,89,7.0,4.0,8.7,8.9,56.0,1.3,7.1
2022-11-08 15:00:00,8.2,,3.4,137,93,6.1,3.4,8.1,8.7,45.0,0.9,7.1
2022-11-08 16:00:00,7.8,,1.1,150,94,7.4,4.3,7.8,8.4,59.0,2.6,7.0
2022-11-08 17:00:00,7.3,,1.4,133,94,5.2,2.0,7.3,7.8,9.0,0.2,6.4
2022-11-08 18:00:00,6.0,,1.0,171,95,3.3,1.6,6.0,7.3,0.0,0.0,5.3
2022-11-08 19:00:00,6.0,,1.8,160,90,4.0,1.8,5.2,6.0,0.0,0.0,4.6
2022-11-08 20:00:00,6.7,,1.7,166,84,4.1,2.3,6.1,6.8,0.0,0.0,4.1
2022-11-08 21:00:00,6.9,,1.9,141,83,3.6,2.4,6.7,7.1,0.0,0.0,4.3
2022-11-08 22:00:00,6.9,,2.5,147,86,4.4,2.6,6.7,6.9,15.0,0.0,4.8
2022-11-08 23:00:00,7.2,,2.8,145,82,5.5,3.3,6.9,7.2,0.0,0.0,4.5
2022-11-09 00:00:00,7.0,,2.8,146,86,6.8,3.7,7.0,7.5,7.0,0.1,4.8
2022-11-09 01:00:00,6.6,,2.6,139,90,6.0,3.6,6.5,7.2,34.0,0.6,5.1
2022-11-09 02:00:00,6.9,,3.2,150,88,7.0,3.3,6.5,6.9,18.0,0.7,5.1
2022-11-09 03:00:00,6.2,,3.2,141,92,8.1,3.7,6.1,6.8,59.0,1.8,5.0
2022-11-09 04:00:00,6.2,,1.0,133,95,7.1,3.9,6.0,6.5,54.0,2.8,5.5
2022-11-09 05:00:00,5.8,,2.6,137,94,5.2,3.0,5.8,6.2,29.0,0.5,4.8
2022-11-09 06:00:00,5.8,,2.1,153,93,3.7,2.4,5.6,5.8,39.0,2.4,4.8
2022-11-09 07:00:00,5.7,,1.6,154,94,5.9,3.0,5.7,5.8,13.0,0.2,4.8
2022-11-09 08:00:00,5.5,,1.8,148,95,4.9,2.6,5.5,5.8,22.0,0.9,4.8
2022-11-09 09:00:00,5.5,,1.8,155,95,6.2,3.0,5.4,5.7,25.0,0.9,4.8
2022-11-09 10:00:00,4.5,,1.2,144,91,6.1,3.0,4.5,5.7,41.0,4.0,3.0
2022-11-09 11:00:00,3.9,,2.4,143,96,5.2,2.6,3.8,4.5,56.0,4.4,3.4
2022-11-09 12:00:00,5.0,,1.6,133,97,3.7,2.4,3.9,5.0,30.0,1.2,4.5
2022-11-09 13:00:00,5.4,,1.8,144,95,5.7,2.5,5.0,5.6,45.0,1.1,4.8
2022-11-09 14:00:00,5.7,,1.7,146,94,6.2,2.5,5.4,5.7,25.0,0.6,4.8
2022-11-09 15:00:00,5.7,,1.0,133,95,6.1,2.9,5.7,5.8,49.0,2.1,5.0
2022-11-09 16:00:00,5.5,,2.1,129,93,5.1,2.2,5.5,5.7,33.0,1.7,4.5
2022-11-09 17:00:00,5.4,,1.2,126,95,5.2,2.5,5.4,5.5,21.0,0.5,4.8
2022-11-09 18:00:00,5.7,,0.9,163,95,5.9,2.4,5.4,5.9,10.0,0.3,5.0
2022-11-09 19:00:00,5.5,,1.2,175,97,5.4,1.9,5.5,5.7,39.0,0.7,5.0
2022-11-09 20:00:00,5.5,,0.7,144,96,5.0,2.0,5.5,5.6,38.0,1.2,4.8
2022-11-09 21:00:00,5.8,,2.0,195,93,5.9,2.0,5.4,5.8,41.0,0.6,4.8
2022-11-09 22:00:00,5.8,,1.5,134,91,5.8,2.6,5.7,5.8,28.0,1.1,4.5
2022-11-09 23:00:00,5.7,,0.9,15,94,6.6,2.4,5.7,5.9,39.0,0.6,4.8
2022-11-10 00:00:00,5.5,,2.0,155,94,6.5,2.0,5.4,5.7,30.0,0.7,4.6
2022-11-10 01:00:00,5.4,,1.1,155,96,5.7,1.9,5.4,5.5,15.0,0.4,4.8
2022-11-10 02:00:00,5.2,,2.4,144,95,6.0,3.4,5.2,5.4,0.0,0.0,4.6
2022-11-10 03:00:00,5.3,,2.1,138,96,5.4,2.6,5.2,5.4,9.0,0.2,4.6
2022-11-10 04:00:00,5.1,,1.0,159,95,4.0,2.1,5.1,5.3,3.0,0.0,4.5
2022-11-10 05:00:00,5.3,,1.7,133,93,4.1,1.7,5.1,5.3,5.0,0.0,4.3
2022-11-10 06:00:00,5.3,,1.9,150,92,5.0,2.2,5.3,5.4,2.0,0.1,4.1
2022-11-10 07:00:00,5.0,,1.8,161,93,3.6,2.0,5.0,5.4,37.0,0.2,3.9
2022-11-10 08:00:00,5.0,,2.9,135,95,6.1,3.0,4.9,5.0,59.0,1.7,4.3
2022-11-10 09:00:00,5.4,,2.9,155,96,5.8,3.5,5.0,5.4,,1.4,4.8
2022-11-10 10:00:00,6.2,,2.1,155,97,6.8,3.1,5.4,6.2,,2.8,5.8
2022-11-10 11:00:00,6.9,,1.9,164,98,5.2,2.8,6.2,6.9,,4.6,6.7
2022-11-10 12:00:00,7.6,,1.4,129,98,3.8,2.1,6.8,7.6,,2.9,7.3
2022-11-10 13:00:00,7.9,,1.5,349,98,9.9,2.0,7.6,7.9,,1.4,7.7
2022-11-10 14:00:00,7.9,,1.4,150,97,7.8,2.5,7.8,7.9,,0.1,7.5
2022-11-10 15:00:00,8.0,,1.2,200,96,7.8,2.1,7.8,8.1,59.0,1.1,7.4
2022-11-10 16:00:00,8.1,,1.6,148,97,7.0,2.2,8.0,8.1,59.0,2.0,7.7
2022-11-10 17:00:00,8.5,,1.9,147,96,6.7,2.8,8.1,8.6,59.0,2.2,8.0
2022-11-10 18:00:00,8.7,,2.1,235,96,9.4,3.4,8.5,8.8,59.0,2.3,8.1
2022-11-10 19:00:00,9.0,,3.1,249,95,13.9,3.2,8.6,9.0,59.0,0.7,8.2
2022-11-10 20:00:00,9.2,,3.0,257,95,11.7,4.4,9.0,9.3,59.0,2.2,8.4
2022-11-10 21:00:00,9.2,,2.4,62,94,10.1,3.8,9.1,9.4,59.0,4.6,8.2
2022-11-10 22:00:00,9.0,,3.0,246,97,11.4,4.2,9.0,9.3,59.0,2.5,8.6
2022-11-10 23:00:00,9.3,,2.5,246,93,11.2,5.4,8.9,9.5,59.0,5.6,8.2
2022-11-11 00:00:00,9.4,,1.8,274,93,10.4,3.8,9.2,9.5,59.0,8.1,8.4
2022-11-11 01:00:00,9.3,,3.8,163,94,10.9,4.1,9.3,9.5,59.0,8.6,8.4
2022-11-11 02:00:00,9.5,,4.0,100,93,13.2,4.3,9.3,9.5,59.0,5.9,8.5
2022-11-11 03:00:00,9.5,,4.2,125,95,10.4,4.3,9.4,9.5,59.0,4.6,8.8
2022-11-11 04:00:00,9.5,,3.8,89,95,8.6,4.3,9.4,9.5,59.0,4.4,8.8
2022-11-11 05:00:00,9.4,,3.2,123,95,13.0,4.5,9.4,9.5,59.0,3.6,8.6
2022-11-11 06:00:00,9.5,,3.3,125,95,9.2,3.9,9.4,9.5,59.0,4.5,8.8
2022-11-11 07:00:00,9.7,,2.8,195,92,8.0,3.5,9.5,9.7,59.0,5.4,8.4
2022-11-11 08:00:00,9.5,,1.7,131,95,7.9,3.5,9.4,9.7,59.0,5.5,8.8
2022-11-11 09:00:00,9.8,,2.2,240,93,7.3,2.4,9.4,9.8,59.0,4.5,8.8
2022-11-11 10:00:00,9.7,,1.6,127,94,7.6,2.4,9.6,9.8,59.0,3.5,8.8
2022-11-11 11:00:00,9.8,,2.6,196,93,9.3,4.0,9.7,9.8,59.0,3.0,8.8
2022-11-11 12:00:00,9.5,,3.6,161,98,12.8,4.1,9.5,9.8,59.0,2.2,9.3
2022-11-11 13:00:00,9.6,,4.6,167,98,12.6,4.7,9.4,9.6,59.0,0.9,9.4
2022-11-11 14:00:00,9.5,,4.2,130,98,11.1,4.5,9.5,9.6,59.0,0.5,9.3
2022-11-11 15:00:00,9.4,,4.6,132,98,13.4,5.3,9.4,9.5,59.0,0.5,9.2
2022-11-11 16:00:00,9.5,,3.8,114,99,13.6,5.2,9.4,9.5,50.0,0.3,9.4
2022-11-11 17:00:00,9.3,,5.1,129,97,12.3,5.4,9.3,9.5,48.0,0.0,8.8
2022-11-11 18:00:00,9.5,,5.5,135,98,12.7,5.7,9.2,9.5,0.0,0.0,9.3
2022-11-11 19:00:00,9.6,,4.7,126,98,13.4,5.4,9.5,9.6,36.0,0.2,9.4
2022-11-11 20:00:00,9.7,,4.2,119,99,13.2,5.0,9.6,9.7,59.0,0.4,9.5
2022-11-11 21:00:00,9.8,,3.4,112,98,10.5,4.2,9.7,9.8,59.0,1.3,9.5
2022-11-11 22:00:00,9.9,,3.9,85,97,10.9,4.8,9.7,9.9,59.0,1.4,9.4
2022-11-11 23:00:00,9.9,,2.6,74,95,8.3,4.2,9.8,10.0,59.0,2.0,9.2
2022-11-12 00:00:00,9.7,,1.8,92,98,7.6,4.4,9.7,9.9,59.0,1.3,9.4
2022-11-12 01:00:00,9.4,,1.9,22,97,5.6,2.6,9.4,9.7,59.0,0.9,8.9
2022-11-12 02:00:00,8.6,,4.1,324,95,8.1,4.1,8.5,9.4,35.0,0.1,7.8
2022-11-12 03:00:00,7.8,,2.1,331,93,6.4,4.0,7.8,8.5,18.0,0.2,6.8
2022-11-12 04:00:00,7.3,,1.8,310,93,5.0,2.8,7.3,7.8,0.0,0.0,6.2
2022-11-12 05:00:00,6.0,,0.2,295,93,4.4,2.6,6.0,7.3,0.0,0.0,5.0
2022-11-12 06:00:00,6.2,,0.2,320,97,2.2,1.3,6.0,6.4,0.0,0.0,5.8
2022-11-12 07:00:00,6.1,,0.2,345,93,3.5,1.9,6.1,6.6,0.0,0.0,5.0
2022-11-12 08:00:00,6.3,,1.5,324,93,2.3,1.5,6.0,6.3,0.0,0.0,5.3
2022-11-12 09:00:00,6.6,,1.1,229,92,2.0,1.6,6.3,6.7,0.0,0.0,5.5
2022-11-12 10:00:00,6.9,,1.0,134,94,2.0,1.1,6.4,6.9,0.0,0.0,6.1
2022-11-12 11:00:00,7.6,,0.2,171,84,1.8,1.2,6.9,7.6,0.0,0.0,5.0
2022-11-12 12:00:00,6.6,,0.2,211,85,1.6,0.8,6.6,8.0,0.0,0.0,4.3
2022-11-12 13:00:00,6.6,,0.5,231,86,1.4,1.0,6.5,6.9,0.0,0.0,4.5
2022-11-12 14:00:00,7.6,,0.9,200,84,1.8,1.2,6.2,7.6,0.0,0.0,5.0
2022-11-12 15:00:00,6.9,,2.0,203,80,2.7,2.0,6.7,7.5,0.0,0.0,3.8
2022-11-12 16:00:00,6.5,,1.5,191,80,3.3,2.6,6.4,7.0,0.0,0.0,3.4
2022-11-12 17:00:00,6.3,,2.0,205,77,3.0,2.2,6.1,7.0,0.0,0.0,2.7
2022-11-12 18:00:00,7.1,,1.8,202,75,3.3,2.3,6.3,7.1,0.0,0.0,3.0
2022-11-12 19:00:00,8.6,,1.7,185,67,3.5,2.0,7.1,8.8,0.0,0.0,2.9
2022-11-12 20:00:00,8.5,,2.1,189,66,3.2,2.1,8.3,8.6,0.0,0.0,2.5
2022-11-12 21:00:00,8.2,,0.6,197,72,3.1,2.2,8.2,8.8,0.0,0.0,3.4
2022-11-12 22:00:00,8.1,,0.5,204,80,1.6,0.6,8.0,8.6,3.0,0.0,4.8
2022-11-12 23:00:00,8.4,,1.2,163,80,2.1,1.2,7.7,8.4,0.0,0.0,5.1
2022-11-13 00:00:00,9.0,,1.1,161,84,2.4,1.5,8.5,9.1,0.0,0.0,6.5
2022-11-13 01:00:00,8.3,,1.0,151,95,2.4,1.6,8.2,9.0,28.0,0.0,7.7
2022-11-13 02:00:00,8.2,,0.7,144,94,2.9,1.8,8.2,8.5,6.0,0.0,7.3
2022-11-13 03:00:00,7.8,,1.7,132,95,4.0,2.6,7.7,8.2,0.0,0.0,7.1
2022-11-13 04:00:00,8.0,,1.8,166,84,5.1,3.1,7.8,8.5,0.0,0.0,5.5
2022-11-13 05:00:00,7.7,,0.9,166,86,4.5,2.4,7.7,8.0,0.0,0.0,5.5
2022-11-13 06:00:00,5.7,,1.0,187,88,3.2,1.6,5.7,7.6,0.0,0.0,3.9
2022-11-13 07:00:00,5.9,,1.8,195,82,3.0,2.0,5.6,6.2,0.0,0.0,3.0
2022-11-13 08:00:00,7.2,,0.8,195,78,3.5,2.2,5.9,7.3,0.0,0.0,3.8
2022-11-13 09:00:00,8.9,,2.0,187,74,3.7,2.0,7.1,8.9,0.0,0.0,4.5
2022-11-13 10:00:00,10.0,,1.5,168,74,3.7,2.1,8.8,10.0,0.0,0.0,5.6
2022-11-13 11:00:00,10.9,,1.3,161,73,4.4,1.9,10.0,10.9,0.0,0.0,6.4
2022-11-13 12:00:00,8.8,,0.1,321,82,2.5,1.4,8.8,10.9,0.0,0.0,5.9
2022-11-13 13:00:00,10.2,,1.3,182,78,2.2,1.3,8.9,10.2,0.0,0.0,6.7
2022-11-13 14:00:00,9.6,,1.8,213,79,2.8,2.1,9.6,10.2,0.0,0.0,6.2
2022-11-13 15:00:00,9.1,,1.5,196,82,3.0,2.2,8.9,9.6,0.0,0.0,6.2
2022-11-13 16:00:00,8.8,,1.4,184,82,2.9,2.2,8.5,9.2,0.0,0.0,5.9
2022-11-13 17:00:00,9.1,,2.2,198,78,3.5,2.5,8.7,9.3,0.0,0.0,5.5
2022-11-13 18:00:00,7.9,,1.0,194,82,3.6,2.5,7.8,9.3,0.0,0.0,5.1
2022-11-13 19:00:00,8.3,,0.7,171,81,2.9,1.8,7.7,8.9,0.0,0.0,5.3
2022-11-13 20:00:00,8.9,,1.2,152,77,2.3,1.2,8.3,9.1,0.0,0.0,5.1
2022-11-13 21:00:00,9.9,,2.0,189,73,4.0,2.6,9.0,9.9,0.0,0.0,5.3
2022-11-13 22:00:00,10.3,,2.3,181,68,4.2,2.8,9.3,10.3,0.0,0.0,4.6
2022-11-13 23:00:00,10.4,,3.5,141,69,7.1,4.3,10.0,10.6,0.0,0.0,5.0
2022-11-14 00:00:00,11.7,,3.8,119,62,7.1,4.1,10.5,11.7,0.0,0.0,4.8
2022-11-14 01:00:00,12.4,,5.2,124,58,10.0,5.4,11.1,12.5,0.0,0.0,4.5
2022-11-14 02:00:00,12.7,,6.3,116,56,10.8,6.7,12.4,13.0,0.0,0.0,4.1
2022-11-14 03:00:00,12.2,,6.4,117,60,10.2,6.5,12.0,12.8,0.0,0.0,4.6
2022-11-14 04:00:00,11.8,,5.3,120,60,10.5,6.9,11.7,12.2,0.0,0.0,4.3
2022-11-14 05:00:00,10.9,,5.1,110,64,11.4,6.2,10.8,11.9,0.0,0.0,4.5
2022-11-14 06:00:00,10.9,,4.8,107,64,10.2,5.6,10.4,11.0,0.0,0.0,4.5
2022-11-14 07:00:00,11.1,,5.8,107,64,12.3,7.2,10.9,11.5,0.0,0.0,4.5
2022-11-14 08:00:00,10.6,,4.6,109,66,11.5,7.1,10.3,11.2,0.0,0.0,4.5
2022-11-14 09:00:00,11.7,,4.0,140,62,7.9,5.0,10.6,11.8,0.0,0.0,4.8
2022-11-14 10:00:00,11.5,,5.4,121,64,7.9,5.4,11.4,11.7,0.0,0.0,5.0
2022-11-14 11:00:00,11.0,,7.4,108,65,11.6,7.5,11.0,11.6,0.0,0.0,4.6
2022-11-14 12:00:00,11.0,,6.0,119,60,11.4,7.6,10.9,11.2,0.0,0.0,3.6
2022-11-14 13:00:00,10.6,,5.8,125,56,11.8,7.0,10.6,11.2,0.0,0.0,2.3
2022-11-14 14:00:00,10.0,,8.8,118,56,14.1,8.8,10.0,10.9,0.0,0.0,1.7
2022-11-14 15:00:00,9.4,,9.6,128,52,17.4,11.0,9.2,10.1,0.0,0.0,0.0
2022-11-14 16:00:00,9.5,,7.6,138,53,15.3,10.4,9.4,10.1,0.0,0.0,0.4
2022-11-14 17:00:00,8.8,,9.5,125,54,13.6,9.5,8.8,9.6,0.0,0.0,0.0
2022-11-14 18:00:00,9.4,,9.0,131,53,15.9,10.8,8.8,9.4,0.0,0.0,0.4
2022-11-14 19:00:00,8.7,,11.0,107,56,18.1,11.0,8.6,9.7,0.0,0.0,0.4
2022-11-14 20:00:00,8.9,,9.5,112,56,18.1,11.4,8.7,9.7,0.0,0.0,0.6
2022-11-14 21:00:00,9.3,,12.6,114,57,17.7,12.6,8.6,9.3,0.0,0.0,1.3
2022-11-14 22:00:00,8.8,,11.1,124,57,17.4,13.2,8.7,9.3,0.0,0.0,0.6
2022-11-14 23:00:00,8.4,,8.7,124,57,17.0,11.4,7.8,9.0,0.0,0.0,0.4
2022-11-15 00:00:00,8.4,,6.9,140,55,14.0,8.6,8.1,9.0,0.0,0.0,0.0
2022-11-15 01:00:00,7.9,,6.6,152,54,12.9,8.2,7.7,8.9,0.0,0.0,-0.7
2022-11-15 02:00:00,8.3,,6.2,171,52,11.7,7.1,7.7,8.3,0.0,0.0,-0.9
2022-11-15 03:00:00,8.4,,5.9,149,54,12.6,6.9,8.1,8.5,0.0,0.0,-0.5
2022-11-15 04:00:00,8.4,,3.5,121,54,8.9,5.8,8.2,8.6,0.0,0.0,-0.5
2022-11-15 05:00:00,7.1,,9.3,125,66,19.7,9.4,7.1,8.6,0.0,0.0,1.3
2022-11-15 06:00:00,7.2,,11.3,121,70,21.8,13.4,6.8,7.2,0.0,0.0,2.1
2022-11-15 07:00:00,7.0,,8.1,137,73,20.5,12.6,6.8,7.1,0.0,0.0,2.5
2022-11-15 08:00:00,7.3,,9.0,134,71,17.8,9.4,7.0,7.4,0.0,0.0,2.3
2022-11-15 09:00:00,6.8,,5.9,135,73,14.5,9.1,6.8,7.3,0.0,0.0,2.3
2022-11-15 10:00:00,6.5,,7.9,136,71,17.8,9.3,6.3,6.7,0.0,0.0,1.7
2022-11-15 11:00:00,5.8,,7.2,136,70,17.2,10.2,5.8,6.4,0.0,0.0,0.6
2022-11-15 12:00:00,5.5,,6.3,147,71,18.7,8.1,5.5,5.9,0.0,0.0,0.6
2022-11-15 13:00:00,5.3,,5.7,145,70,20.1,10.8,5.3,5.6,0.0,0.0,0.2
2022-11-15 14:00:00,4.7,,5.5,130,70,15.0,5.8,4.7,5.3,0.0,0.0,-0.2
2022-11-15 15:00:00,4.1,,9.6,143,67,18.9,10.2,4.1,4.7,0.0,0.0,-1.4
2022-11-15 16:00:00,4.0,,8.2,144,68,17.7,9.7,3.9,4.2,0.0,0.0,-1.4
2022-11-15 17:00:00,4.1,,11.7,126,67,20.5,11.7,3.9,4.2,0.0,0.0,-1.4
2022-11-15 18:00:00,3.9,,9.3,152,66,23.1,11.9,3.9,4.2,0.0,0.0,-1.9
2022-11-15 19:00:00,3.6,,10.1,134,66,19.4,10.7,3.6,4.0,0.0,0.0,-2.2
2022-11-15 20:00:00,3.2,,9.6,131,66,20.8,11.4,3.1,3.7,0.0,0.0,-2.5
2022-11-15 21:00:00,3.0,,9.6,130,66,17.4,10.1,2.8,3.2,0.0,0.0,-2.7
2022-11-15 22:00:00,2.8,,12.1,144,66,19.4,12.1,2.7,3.0,0.0,0.0,-2.7
2022-11-15 23:00:00,2.7,,9.2,145,68,21.0,12.2,2.7,2.9,0.0,0.0,-2.7
2022-11-16 00:00:00,2.6,,7.3,139,69,18.5,9.3,2.6,2.7,0.0,0.0,-2.5
2022-11-16 01:00:00,2.5,,8.1,144,68,21.0,8.7,2.5,2.6,0.0,0.0,-2.7
2022-11-16 02:00:00,2.3,,11.1,144,68,21.2,11.7,2.3,2.5,0.0,0.0,-3.0
2022-11-16 03:00:00,2.1,,10.7,139,67,20.6,11.2,2.0,2.3,0.0,0.0,-3.3
2022-11-16 04:00:00,1.8,,10.9,141,67,23.2,11.5,1.8,2.1,0.0,0.0,-3.6
2022-11-16 05:00:00,1.7,,11.8,139,67,22.5,13.8,1.6,1.9,0.0,0.0,-3.8
2022-11-16 06:00:00,1.7,,12.1,143,67,22.1,12.6,1.6,1.8,0.0,0.0,-3.8
2022-11-16 07:00:00,1.9,,11.6,142,67,24.3,14.0,1.7,1.9,0.0,0.0,-3.6
2022-11-16 08:00:00,1.9,,11.7,150,66,24.2,12.2,1.8,2.0,0.0,0.0,-3.8
2022-11-16 09:00:00,2.3,,13.8,144,63,24.1,14.3,1.9,2.3,0.0,0.0,-4.1
2022-11-16 10:00:00,2.4,,11.2,144,63,26.2,15.2,2.3,2.4,0.0,0.0,-3.8
2022-11-16 11:00:00,2.1,,9.8,155,63,21.7,11.1,2.1,2.3,0.0,0.0,-4.1
2022-11-16 12:00:00,2.1,,10.9,139,65,22.3,11.4,2.1,2.2,0.0,0.0,-3.8
2022-11-16 13:00:00,2.3,,8.0,128,65,20.2,11.4,2.1,2.4,0.0,0.0,-3.6
2022-11-16 14:00:00,2.3,,7.4,146,66,17.9,8.6,2.2,2.4,0.0,0.0,-3.3
2022-11-16 15:00:00,2.2,,5.2,152,67,14.8,7.2,2.2,2.3,0.0,0.0,-3.3
2022-11-16 16:00:00,2.2,,6.1,150,67,16.0,7.5,2.1,2.3,0.0,0.0,-3.3
2022-11-16 17:00:00,2.3,,6.3,145,66,17.5,8.3,2.1,2.3,0.0,0.0,-3.3
2022-11-16 18:00:00,2.3,,5.2,148,65,16.4,7.8,2.1,2.4,0.0,0.0,-3.6
2022-11-16 19:00:00,2.2,,7.4,150,65,16.4,7.5,2.1,2.3,0.0,0.0,-3.6
2022-11-16 20:00:00,2.2,,10.9,133,63,20.7,11.0,2.1,2.3,0.0,0.0,-4.1
2022-11-16 21:00:00,2.1,,12.0,145,63,24.4,12.7,2.0,2.3,0.0,0.0,-4.1
2022-11-16 22:00:00,1.9,,11.8,146,64,23.7,13.3,1.8,2.1,0.0,0.0,-4.1
2022-11-16 23:00:00,1.7,,11.3,143,65,21.5,12.8,1.7,2.0,0.0,0.0,-4.1
2022-11-17 00:00:00,1.4,,10.3,155,66,21.9,12.1,1.3,1.7,0.0,0.0,-4.1
2022-11-17 01:00:00,0.8,,10.1,145,66,20.4,10.6,0.8,1.4,0.0,0.0,-4.7
2022-11-17 02:00:00,0.2,,9.8,140,65,16.5,10.3,0.2,0.8,0.0,0.0,-5.7
2022-11-17 03:00:00,0.0,,7.4,146,63,17.5,9.6,-0.2,0.3,0.0,0.0,-6.3
2022-11-17 04:00:00,-0.1,,8.8,145,62,16.8,8.8,-0.2,0.1,0.0,0.0,-6.3
2022-11-17 05:00:00,-0.4,,9.9,138,63,18.7,9.9,-0.5,-0.1,0.0,0.0,-6.7
2022-11-17 06:00:00,-0.7,,7.3,128,64,17.6,9.9,-0.7,-0.4,0.0,0.0,-6.7
2022-11-17 07:00:00,-0.8,,8.2,132,65,13.5,8.2,-0.8,-0.6,0.0,0.0,-6.3
2022-11-17 08:00:00,-0.8,,7.5,136,63,15.4,8.3,-1.0,-0.7,0.0,0.0,-6.7
2022-11-17 09:00:00,-0.6,,10.0,140,60,18.3,10.0,-0.8,-0.6,0.0,0.0,-7.4
2022-11-17 10:00:00,-1.0,,11.0,157,62,25.8,11.9,-1.0,-0.5,0.0,0.0,-7.4
2022-11-17 11:00:00,-0.8,,10.0,151,63,19.6,11.3,-1.0,-0.8,0.0,0.0,-6.7
2022-11-17 12:00:00,-0.7,,12.0,168,61,22.0,12.4,-0.8,-0.6,0.0,0.0,-7.4
2022-11-17 13:00:00,-0.6,,12.2,163,61,21.8,12.5,-0.8,-0.5,0.0,0.0,-7.4
2022-11-17 14:00:00,-0.7,,12.5,158,62,24.0,13.7,-0.8,-0.6,0.0,0.0,-7.0
2022-11-17 15:00:00,-1.0,,10.9,149,63,25.1,14.3,-1.1,-0.5,0.0,0.0,-7.0
2022-11-17 16:00:00,-1.0,,10.2,152,62,19.5,11.2,-1.2,-0.9,0.0,0.0,-7.4
2022-11-17 17:00:00,-1.1,,8.5,150,62,19.3,10.2,-1.3,-0.9,0.0,0.0,-7.4
2022-11-17 18:00:00,-1.2,,9.6,155,62,20.2,10.2,-1.2,-0.9,0.0,0.0,-7.4
2022-11-17 19:00:00,-1.4,,9.4,166,64,21.4,11.3,-1.5,-1.0,0.0,0.0,-7.4
2022-11-17 20:00:00,-1.4,,6.7,172,63,17.8,10.3,-1.4,-1.2,0.0,0.0,-7.4
2022-11-17 21:00:00,-1.2,,5.8,147,61,16.7,6.8,-1.4,-1.1,0.0,0.0,-7.8
2022-11-17 22:00:00,-1.2,,8.9,143,61,20.3,9.0,-1.4,-1.1,0.0,0.0,-7.8
2022-11-17 23:00:00,-1.4,,7.4,154,63,18.3,8.8,-1.5,-1.2,0.0,0.0,-7.4
2022-11-18 00:00:00,-0.7,,7.7,152,59,16.3,8.2,-1.4,-0.7,0.0,0.0,-7.8
2022-11-18 01:00:00,-1.1,,6.7,143,62,15.4,8.0,-1.2,-0.8,0.0,0.0,-7.4
2022-11-18 02:00:00,-1.4,,5.4,157,61,11.9,7.0,-1.5,-1.0,0.0,0.0,-7.8
2022-11-18 03:00:00,-1.5,,7.5,153,59,14.0,7.5,-1.6,-1.1,0.0,0.0,-8.5
2022-11-18 04:00:00,-1.3,,7.7,173,62,15.7,8.4,-1.7,-1.1,0.0,0.0,-7.4
2022-11-18 05:00:00,-1.6,,9.9,146,59,16.3,11.1,-1.6,-1.2,0.0,0.0,-8.5
2022-11-18 06:00:00,-1.9,,8.4,151,63,16.0,10.0,-2.0,-1.5,0.0,0.0,-8.1
2022-11-18 07:00:00,-1.7,,8.7,153,59,15.5,10.7,-2.1,-1.5,0.0,0.0,-8.5
2022-11-18 08:00:00,-1.2,,9.2,150,60,17.4,10.8,-1.7,-1.2,0.0,0.0,-7.8
2022-11-18 09:00:00,-0.9,,7.8,142,64,19.0,10.9,-1.4,-0.8,0.0,0.0,-7.0
2022-11-18 10:00:00,-0.4,,10.9,133,63,18.5,11.0,-1.0,-0.4,0.0,0.0,-6.7
2022-11-18 11:00:00,-0.1,,14.0,155,59,24.4,14.4,-0.5,0.0,0.0,0.0,-7.0
2022-11-18 12:00:00,-0.3,,9.5,150,62,19.2,14.0,-0.3,-0.1,0.0,0.0,-6.7
2022-11-18 13:00:00,-0.3,,9.1,152,61,18.2,9.2,-0.4,-0.1,0.0,0.0,-6.7
2022-11-18 14:00:00,-0.9,,3.0,154,62,17.2,9.5,-1.0,-0.2,0.0,0.0,-7.4
2022-11-18 15:00:00,-1.4,,5.0,145,64,16.8,9.3,-1.5,-0.9,0.0,0.0,-7.4
2022-11-18 16:00:00,-1.6,,6.7,149,66,12.5,6.9,-1.7,-1.4,0.0,0.0,-7.0
2022-11-18 17:00:00,-1.9,,8.2,150,65,16.8,8.2,-2.0,-1.6,0.0,0.0,-7.8
2022-11-18 18:00:00,-2.2,,5.5,171,66,13.0,8.4,-2.3,-1.9,0.0,0.0,-7.8
2022-11-18 19:00:00,-2.3,,4.6,111,67,8.4,5.6,-2.6,-2.2,0.0,0.0,-7.4
2022-11-18 20:00:00,-2.4,,4.8,155,67,13.7,7.3,-2.5,-2.1,0.0,0.0,-7.8
2022-11-18 21:00:00,-2.5,,5.9,135,66,14.2,6.0,-2.6,-2.4,0.0,0.0,-7.8
2022-11-18 22:00:00,-2.7,,3.5,181,67,9.4,5.5,-2.8,-2.4,0.0,0.0,-7.8
2022-11-18 23:00:00,-2.5,,3.1,155,64,8.3,4.6,-2.9,-2.5,0.0,0.0,-8.1
2022-11-19 00:00:00,-3.3,,4.3,158,69,8.2,4.7,-3.3,-2.3,0.0,0.0,-8.1
2022-11-19 01:00:00,-3.7,,2.8,156,70,6.8,4.3,-3.8,-3.3,0.0,0.0,-8.5
2022-11-19 02:00:00,-3.9,,1.9,173,69,5.1,3.3,-4.5,-3.6,0.0,0.0,-8.5
2022-11-19 03:00:00,-4.1,,1.9,153,67,4.4,2.1,-4.7,-4.0,0.0,0.0,-9.4
2022-11-19 04:00:00,-4.4,,0.2,258,66,4.2,2.1,-4.7,-3.8,0.0,0.0,-9.8
2022-11-19 05:00:00,-4.3,,2.3,188,62,4.0,2.7,-5.5,-4.0,0.0,0.0,-10.7
2022-11-19 06:00:00,-4.1,,3.1,193,62,5.2,3.1,-4.4,-4.0,0.0,0.0,-10.2
2022-11-19 07:00:00,-4.1,,2.3,192,59,6.1,3.2,-4.4,-4.0,0.0,0.0,-10.7
2022-11-19 08:00:00,-4.2,,1.1,195,53,4.5,2.7,-4.4,-3.8,0.0,0.0,-12.1
2022-11-19 09:00:00,-3.6,,0.4,325,48,3.6,2.1,-4.4,-3.4,0.0,0.0,-12.7
2022-11-19 10:00:00,-2.6,,0.8,243,43,1.8,0.8,-3.7,-2.6,0.0,0.0,-13.2
2022-11-19 11:00:00,-1.3,,0.6,255,33,1.3,0.9,-2.6,-1.3,0.0,0.0,-15.6
2022-11-19 12:00:00,-0.9,,0.5,266,31,1.1,0.8,-2.0,-0.9,0.0,0.0,-15.6
2022-11-19 13:00:00,-1.5,,0.6,222,35,2.0,0.8,-1.6,-0.9,0.0,0.0,-15.0
2022-11-19 14:00:00,-1.9,,0.4,215,35,1.6,0.6,-2.5,-1.4,0.0,0.0,-15.0
2022-11-19 15:00:00,-2.6,,0.4,262,37,2.6,1.3,-3.5,-1.5,0.0,0.0,-15.0
2022-11-19 16:00:00,-3.7,,0.5,219,40,2.4,1.4,-4.2,-2.4,0.0,0.0,-15.6
2022-11-19 17:00:00,-3.7,,0.4,146,39,3.0,1.1,-3.8,-2.5,0.0,0.0,-15.6
2022-11-19 18:00:00,-3.3,,0.8,184,36,2.1,1.5,-3.8,-1.9,0.0,0.0,-16.3
2022-11-19 19:00:00,-1.8,,1.0,171,27,2.8,1.2,-3.8,-1.8,0.0,0.0,-17.8
2022-11-19 20:00:00,0.1,,2.8,118,23,5.8,3.0,-1.7,0.3,0.0,0.0,-18.7
2022-11-19 21:00:00,-0.9,,1.4,171,24,5.1,2.9,-0.9,0.1,0.0,0.0,-18.6
2022-11-19 22:00:00,-2.2,,0.9,223,31,3.1,1.4,-2.2,-0.9,0.0,0.0,-17.0
2022-11-19 23:00:00,-3.7,,1.6,186,41,3.3,2.0,-4.0,-2.3,0.0,0.0,-15.0
2022-11-20 00:00:00,-5.3,,5.2,162,60,7.7,5.2,-5.3,-3.3,0.0,0.0,-11.6
2022-11-20 01:00:00,-5.7,,3.6,165,62,7.5,5.3,-5.9,-5.3,0.0,0.0,-11.6
2022-11-20 02:00:00,-5.4,,1.7,158,67,11.7,6.6,-5.9,-5.3,0.0,0.0,-10.7
2022-11-20 03:00:00,-4.9,,3.6,138,70,11.3,4.9,-5.6,-4.8,0.0,0.0,-9.8
2022-11-20 04:00:00,-4.4,,4.4,137,65,9.4,5.0,-4.9,-4.2,0.0,0.0,-9.8
2022-11-20 05:00:00,-4.5,,4.7,156,66,8.1,4.7,-4.5,-4.3,0.0,0.0,-9.8
2022-11-20 06:00:00,-4.5,,3.1,145,65,11.4,5.9,-4.6,-4.4,0.0,0.0,-9.8
2022-11-20 07:00:00,-4.4,,2.8,130,62,9.8,5.6,-4.6,-4.2,0.0,0.0,-10.7
2022-11-20 08:00:00,-4.3,,3.5,134,60,7.4,3.7,-4.6,-4.2,0.0,0.0,-11.2
2022-11-20 09:00:00,-4.0,,5.9,130,61,10.6,5.9,-4.3,-4.0,0.0,0.0,-10.7
2022-11-20 10:00:00,-3.2,,3.2,155,57,10.3,7.2,-4.0,-3.1,0.0,0.0,-10.7
2022-11-20 11:00:00,-3.6,,6.9,148,59,11.9,7.5,-3.6,-3.2,0.0,0.0,-10.2
2022-11-20 12:00:00,-3.2,,3.5,151,59,10.7,7.0,-3.6,-3.2,0.0,0.0,-10.2
2022-11-20 13:00:00,-3.2,,5.3,142,60,9.3,5.4,-3.3,-3.0,0.0,0.0,-9.8
2022-11-20 14:00:00,-3.2,,3.9,139,59,8.0,5.0,-3.3,-3.1,0.0,0.0,-10.2
2022-11-20 15:00:00,-3.5,,1.4,137,61,5.8,4.1,-3.8,-3.2,0.0,0.0,-9.8
2022-11-20 16:00:00,-3.6,,2.1,146,61,6.7,3.6,-3.7,-3.4,0.0,0.0,-9.8
2022-11-20 17:00:00,-4.5,,1.6,169,65,3.5,2.1,-4.9,-3.6,0.0,0.0,-9.8
2022-11-20 18:00:00,-5.9,,0.8,175,71,2.9,1.8,-5.9,-4.5,0.0,0.0,-10.2
2022-11-20 19:00:00,-6.3,,1.3,187,71,2.4,1.4,-6.5,-5.2,0.0,0.0,-10.7
2022-11-20 20:00:00,-3.4,,2.3,175,62,5.5,3.2,-6.2,-3.4,0.0,0.0,-9.4
2022-11-20 21:00:00,-4.1,,0.7,276,66,4.3,2.4,-4.4,-3.2,0.0,0.0,-9.4
2022-11-20 22:00:00,-4.2,,0.8,293,66,1.6,1.1,-4.4,-3.5,0.0,0.0,-9.4
2022-11-20 23:00:00,-4.1,,0.4,211,71,1.1,0.9,-4.5,-4.0,0.0,0.0,-8.5
2022-11-21 00:00:00,-3.8,,0.2,291,67,1.0,0.4,-4.3,-3.8,0.0,0.0,-8.9
2022-11-21 01:00:00,-3.8,,0.8,256,68,2.2,1.2,-4.0,-3.3,0.0,0.0,-8.9
2022-11-21 02:00:00,-5.0,,0.6,314,71,1.9,1.0,-5.0,-3.6,0.0,0.0,-9.4
2022-11-21 03:00:00,-4.1,,1.1,228,68,1.9,1.1,-5.2,-3.7,0.0,0.0,-8.9
2022-11-21 04:00:00,-3.9,,1.0,147,70,3.5,1.2,-5.1,-3.5,0.0,0.0,-8.5
2022-11-21 05:00:00,-4.2,,0.2,264,73,3.5,2.0,-4.5,-3.3,0.0,0.0,-8.1
2022-11-21 06:00:00,-4.1,,1.3,317,72,3.5,1.4,-5.1,-3.8,0.0,0.0,-8.5
2022-11-21 07:00:00,-2.4,,2.2,88,56,6.2,2.5,-4.3,-2.3,0.0,0.0,-9.8
2022-11-21 08:00:00,-2.7,,4.4,115,58,11.8,4.6,-2.7,-2.3,0.0,0.0,-9.8
2022-11-21 09:00:00,-3.2,,2.7,123,54,9.7,4.9,-3.2,-2.7,0.0,0.0,-11.2
2022-11-21 10:00:00,-3.5,,3.4,108,56,8.9,4.4,-3.5,-3.2,0.0,0.0,-11.2
2022-11-21 11:00:00,-3.4,,2.6,120,55,10.5,3.7,-3.5,-3.4,0.0,0.0,-11.2
2022-11-21 12:00:00,-3.4,,2.6,89,56,7.8,3.8,-3.5,-3.4,0.0,0.0,-10.7
2022-11-21 13:00:00,-3.3,,5.6,128,56,11.5,5.8,-3.4,-3.3,0.0,0.0,-10.7
2022-11-21 14:00:00,-3.3,,5.1,132,58,12.7,6.5,-3.3,-3.2,0.0,0.0,-10.2
2022-11-21 15:00:00,-3.5,,4.8,138,58,11.6,5.4,-3.5,-3.3,0.0,0.0,-10.7
2022-11-21 16:00:00,-3.4,,8.1,136,59,16.2,8.2,-3.6,-3.3,0.0,0.0,-10.2
2022-11-21 17:00:00,-3.2,,8.2,136,59,17.6,9.3,-3.5,-3.2,0.0,0.0,-10.2
2022-11-21 18:00:00,-3.3,,7.7,134,60,15.4,9.1,-3.3,-3.1,0.0,0.0,-9.8
2022-11-21 19:00:00,-3.2,,6.5,136,57,16.0,9.7,-3.3,-3.1,0.0,0.0,-10.7
2022-11-21 20:00:00,-3.1,,4.9,104,58,13.5,6.2,-3.4,-3.0,0.0,0.0,-10.2
2022-11-21 21:00:00,-2.9,,5.2,80,54,11.4,5.6,-3.1,-2.9,0.0,0.0,-11.2
2022-11-21 22:00:00,-3.3,,2.8,95,55,12.0,5.3,-3.3,-2.9,0.0,0.0,-11.2
2022-11-21 23:00:00,-3.3,,4.8,75,56,11.8,5.0,-3.3,-3.1,0.0,0.0,-10.7
2022-11-22 00:00:00,-3.5,,3.4,99,56,11.1,5.4,-3.6,-3.3,0.0,0.0,-11.2
2022-11-22 01:00:00,-3.7,,2.9,119,57,8.7,4.7,-3.7,-3.5,0.0,0.0,-11.2
2022-11-22 02:00:00,-3.9,,3.6,133,58,9.7,3.9,-4.0,-3.7,0.0,0.0,-10.7
2022-11-22 03:00:00,-4.0,,5.4,134,61,11.4,6.4,-4.1,-3.9,0.0,0.0,-10.7
2022-11-22 04:00:00,-4.0,,4.7,134,62,11.2,6.2,-4.1,-3.9,0.0,0.0,-10.2
2022-11-22 05:00:00,-4.4,,3.9,138,64,12.7,7.2,-4.4,-3.9,0.0,0.0,-10.2
2022-11-22 06:00:00,-4.2,,6.1,146,61,13.3,6.5,-4.5,-4.2,0.0,0.0,-10.7
2022-11-22 07:00:00,-4.3,,5.6,153,65,11.4,6.3,-4.4,-4.1,0.0,0.0,-9.8
2022-11-22 08:00:00,-4.3,,6.1,138,68,12.6,6.7,-4.4,-4.2,0.0,0.0,-9.4
2022-11-22 09:00:00,-3.9,,5.5,150,69,15.6,7.1,-4.3,-3.9,0.0,0.0,-8.5
2022-11-22 10:00:00,-3.6,,7.2,140,69,16.2,7.4,-3.9,-3.5,0.0,0.0,-8.5
2022-11-22 11:00:00,-3.0,,8.6,128,66,15.8,8.8,-3.5,-3.0,0.0,0.0,-8.5
2022-11-22 12:00:00,-2.9,,6.3,145,70,14.0,8.4,-3.2,-2.8,0.0,0.0,-7.8
2022-11-22 13:00:00,-2.8,,6.5,138,72,12.6,7.7,-2.9,-2.7,0.0,0.0,-7.0
2022-11-22 14:00:00,-2.6,,8.9,134,71,17.3,9.7,-2.7,-2.5,0.0,0.0,-7.0
2022-11-22 15:00:00,-2.2,,6.8,142,67,17.5,9.2,-2.6,-2.2,0.0,0.0,-7.4
2022-11-22 16:00:00,-1.8,,8.5,141,65,17.1,8.5,-2.2,-1.7,0.0,0.0,-7.4
2022-11-22 17:00:00,-1.5,,9.0,132,64,17.0,10.0,-1.8,-1.5,0.0,0.0,-7.4
2022-11-22 18:00:00,-1.3,,9.0,137,68,18.5,10.1,-1.5,-1.3,0.0,0.0,-6.3
2022-11-22 19:00:00,-0.9,,10.2,141,68,21.4,10.4,-1.3,-0.9,0.0,0.0,-6.0
2022-11-22 20:00:00,-0.5,,10.5,133,65,18.9,10.6,-1.0,-0.5,0.0,0.0,-6.3
2022-11-22 21:00:00,-0.4,,9.5,139,67,20.8,10.5,-0.5,-0.2,0.0,0.0,-5.7
2022-11-22 22:00:00,-0.1,,8.7,134,68,18.3,10.9,-0.4,0.0,0.0,0.0,-5.3
2022-11-22 23:00:00,0.2,,11.3,125,66,23.2,12.0,-0.1,0.3,0.0,0.0,-5.4
2022-11-23 00:00:00,0.4,,12.0,133,65,24.2,12.2,0.1,0.4,0.0,0.0,-5.4
2022-11-23 01:00:00,0.5,,9.9,127,65,20.9,12.2,0.4,0.6,0.0,0.0,-5.4
2022-11-23 02:00:00,0.2,,8.1,129,67,22.9,10.0,0.2,0.5,0.0,0.0,-5.0
2022-11-23 03:00:00,0.4,,7.9,142,67,16.7,9.4,0.2,0.4,0.0,0.0,-5.0
2022-11-23 04:00:00,0.2,,6.6,150,68,17.6,9.3,0.2,0.4,0.0,0.0,-5.0
2022-11-23 05:00:00,0.2,,9.2,138,68,17.6,9.4,0.1,0.3,0.0,0.0,-5.0
2022-11-23 06:00:00,0.2,,6.1,140,70,18.4,9.2,0.0,0.2,0.0,0.0,-4.7
2022-11-23 07:00:00,0.2,,6.9,130,69,18.5,8.2,0.1,0.3,0.0,0.0,-4.7
2022-11-23 08:00:00,0.6,,7.7,138,69,18.1,8.7,0.2,0.7,0.0,0.0,-4.4
2022-11-23 09:00:00,0.9,,10.2,135,69,17.7,10.2,0.5,1.0,0.0,0.0,-4.1
2022-11-23 10:00:00,1.2,,9.9,130,67,19.0,10.1,1.0,1.2,0.0,0.0,-4.1
2022-11-23 11:00:00,1.3,,7.4,139,67,15.1,10.2,1.1,1.3,0.0,0.0,-4.1
2022-11-23 12:00:00,1.3,,7.6,139,67,17.3,7.9,1.3,1.4,0.0,0.0,-4.1
2022-11-23 13:00:00,1.6,,6.6,134,68,16.2,8.2,1.3,1.7,0.0,0.0,-3.6
2022-11-23 14:00:00,1.6,,7.1,132,69,14.7,7.5,1.5,1.6,0.0,0.0,-3.3
2022-11-23 15:00:00,1.6,,8.6,123,69,16.1,9.5,1.5,1.6,0.0,0.0,-3.3
2022-11-23 16:00:00,1.6,,9.9,124,69,16.4,10.1,1.6,1.8,0.0,0.0,-3.3
2022-11-23 17:00:00,1.9,,10.9,126,69,20.6,11.6,1.6,1.9,0.0,0.0,-3.3
2022-11-23 18:00:00,1.8,,10.5,132,69,21.5,12.0,1.7,2.0,0.0,0.0,-3.3
2022-11-23 19:00:00,1.9,,11.2,130,65,23.0,11.2,1.7,2.1,0.0,0.0,-3.8
2022-11-23 20:00:00,1.7,,10.3,141,67,20.2,12.0,1.6,1.9,0.0,0.0,-3.8
2022-11-23 21:00:00,1.5,,7.6,143,69,20.6,10.1,1.5,1.8,0.0,0.0,-3.6
2022-11-23 22:00:00,1.6,,5.5,143,68,17.8,7.7,1.4,1.7,0.0,0.0,-3.6
2022-11-23 23:00:00,1.7,,7.7,135,68,16.9,7.7,1.6,1.8,0.0,0.0,-3.6
2022-11-24 00:00:00,1.7,,6.8,144,69,17.4,8.9,1.6,1.8,0.0,0.0,-3.3
2022-11-24 01:00:00,1.7,,9.0,147,70,16.3,9.1,1.5,1.8,0.0,0.0,-3.3
2022-11-24 02:00:00,1.4,,8.1,150,70,17.0,9.8,1.4,1.7,0.0,0.0,-3.3
2022-11-24 03:00:00,1.2,,7.5,151,72,15.2,9.0,1.2,1.5,0.0,0.0,-3.3
2022-11-24 04:00:00,1.9,,7.5,157,70,15.2,9.2,1.2,1.9,0.0,0.0,-3.0
2022-11-24 05:00:00,2.2,,6.8,152,69,15.3,8.1,1.9,2.4,0.0,0.0,-2.7
2022-11-24 06:00:00,2.5,,3.5,120,70,13.2,6.8,2.1,2.5,0.0,0.0,-2.5
2022-11-24 07:00:00,2.5,,4.1,123,70,15.1,7.1,2.2,2.6,0.0,0.0,-2.5
2022-11-24 08:00:00,2.0,,7.1,128,71,12.9,7.2,2.0,2.8,0.0,0.0,-2.7
2022-11-24 09:00:00,2.8,,3.9,123,68,12.6,7.8,2.0,2.8,0.0,0.0,-2.5
2022-11-24 10:00:00,3.1,,7.7,147,66,13.6,8.5,2.6,3.8,0.0,0.0,-2.7
2022-11-24 11:00:00,3.2,,6.1,151,68,13.4,8.5,3.1,3.3,0.0,0.0,-2.2
2022-11-24 12:00:00,2.8,,6.2,134,71,12.0,6.8,2.8,3.5,0.0,0.0,-1.9
2022-11-24 13:00:00,3.1,,3.2,138,69,10.3,6.1,2.8,3.3,0.0,0.0,-2.2
2022-11-24 14:00:00,2.7,,8.3,126,72,14.2,8.3,2.7,3.4,0.0,0.0,-1.9
2022-11-24 15:00:00,3.1,,4.5,128,70,14.4,9.1,2.6,3.1,0.0,0.0,-1.9
2022-11-24 16:00:00,2.8,,6.2,131,71,12.4,6.8,2.7,3.1,0.0,0.0,-1.9
2022-11-24 17:00:00,2.7,,4.9,136,72,12.3,7.4,2.4,2.8,0.0,0.0,-1.9
2022-11-24 18:00:00,3.0,,7.0,118,71,12.4,8.1,2.6,3.0,0.0,0.0,-1.7
2022-11-24 19:00:00,2.5,,6.9,123,72,11.2,7.0,2.4,3.0,0.0,0.0,-1.9
2022-11-24 20:00:00,2.5,,5.9,134,73,10.5,7.5,2.5,2.9,0.0,0.0,-1.9
2022-11-24 21:00:00,3.1,,5.8,142,75,14.4,7.7,2.3,3.1,0.0,0.0,-0.9
2022-11-24 22:00:00,3.9,,5.0,153,74,11.2,6.1,3.1,3.9,0.0,0.0,-0.2
2022-11-24 23:00:00,3.7,,7.8,146,74,11.9,7.8,3.4,3.9,0.0,0.0,-0.5
2022-11-25 00:00:00,4.9,,6.7,152,70,11.7,8.0,3.7,4.9,0.0,0.0,0.0
2022-11-25 01:00:00,4.7,,8.3,150,71,16.1,8.6,4.7,5.1,0.0,0.0,-0.2
2022-11-25 02:00:00,4.8,,5.9,158,70,12.8,8.2,4.5,5.0,0.0,0.0,-0.2
2022-11-25 03:00:00,5.0,,3.8,155,69,11.2,7.0,4.9,5.1,0.0,0.0,-0.2
2022-11-25 04:00:00,4.6,,6.8,148,70,12.4,6.8,4.5,5.0,0.0,0.0,-0.2
2022-11-25 05:00:00,4.7,,9.0,162,68,15.8,9.4,4.6,5.1,0.0,0.0,-0.7
2022-11-25 06:00:00,4.6,,8.9,157,71,18.4,10.0,4.5,4.7,0.0,0.0,-0.2
2022-11-25 07:00:00,4.9,,8.2,151,68,17.7,10.4,4.5,5.0,0.0,0.0,-0.5
2022-11-25 08:00:00,4.9,,5.1,154,67,14.1,7.9,4.8,5.1,0.0,0.0,-0.7
2022-11-25 09:00:00,4.8,,6.2,157,68,13.0,6.3,4.8,5.1,0.0,0.0,-0.7
2022-11-25 10:00:00,5.0,,6.4,166,67,13.0,7.6,4.8,5.0,0.0,0.0,-0.7
2022-11-25 11:00:00,5.0,,5.0,159,67,12.6,7.3,5.0,5.1,0.0,0.0,-0.7
2022-11-25 12:00:00,5.0,,5.5,151,67,10.5,5.7,4.9,5.1,0.0,0.0,-0.7
2022-11-25 13:00:00,4.6,,5.6,144,70,11.4,6.0,4.6,5.0,0.0,0.0,-0.2
2022-11-25 14:00:00,4.5,,5.9,149,70,12.4,7.2,4.4,4.6,0.0,0.0,-0.5
2022-11-25 15:00:00,4.4,,6.6,153,71,12.2,7.0,4.3,4.4,0.0,0.0,-0.2
2022-11-25 16:00:00,4.2,,5.9,126,70,11.7,6.6,4.1,4.4,0.0,0.0,-0.7
2022-11-25 17:00:00,3.9,,6.5,119,73,13.3,8.1,3.9,4.2,0.0,0.0,-0.5
2022-11-25 18:00:00,4.2,,3.3,124,70,11.3,6.5,3.9,4.2,0.0,0.0,-0.7
2022-11-25 19:00:00,4.2,,4.7,131,69,9.8,4.7,4.0,4.3,0.0,0.0,-0.9
2022-11-25 20:00:00,4.3,,6.4,150,69,12.7,6.8,4.0,4.5,0.0,0.0,-0.9
2022-11-25 21:00:00,4.2,,5.1,155,70,9.8,6.7,3.7,4.3,0.0,0.0,-0.7
2022-11-25 22:00:00,3.9,,3.9,165,74,11.7,5.6,3.9,4.5,0.0,0.0,-0.2
2022-11-25 23:00:00,4.0,,2.9,173,74,8.4,4.6,3.9,4.2,0.0,0.0,-0.2
2022-11-26 00:00:00,3.8,,2.3,159,77,8.0,4.2,3.8,4.3,3.0,0.0,0.2
2022-11-26 01:00:00,3.8,,3.0,154,77,6.0,3.7,3.5,3.9,3.0,0.0,0.2
2022-11-26 02:00:00,3.4,,3.7,140,78,6.8,3.7,3.2,3.7,0.0,0.0,0.0
2022-11-26 03:00:00,3.1,,3.0,141,84,6.3,3.8,2.9,3.8,19.0,0.0,0.6
2022-11-26 04:00:00,3.3,,3.8,137,82,7.4,4.3,3.2,3.5,0.0,0.0,0.4
2022-11-26 05:00:00,3.7,,2.0,169,80,6.1,3.8,3.1,3.7,0.0,0.0,0.6
2022-11-26 06:00:00,3.4,,1.6,174,85,3.1,2.2,3.2,3.7,32.0,0.2,1.1
2022-11-26 07:00:00,3.7,,1.7,165,82,3.0,1.9,3.3,3.8,0.0,0.0,1.1
2022-11-26 08:00:00,3.7,,1.7,164,81,3.9,2.0,3.6,3.7,0.0,0.0,0.9
2022-11-26 09:00:00,3.6,,1.7,161,85,3.9,2.4,3.4,3.8,9.0,0.0,1.3
2022-11-26 10:00:00,4.2,,1.9,160,82,4.0,2.3,3.3,4.2,4.0,0.1,1.5
2022-11-26 11:00:00,4.7,,2.4,152,81,4.1,2.6,4.2,4.7,0.0,0.0,1.7
2022-11-26 12:00:00,4.2,,2.2,162,88,4.4,2.8,4.1,4.7,5.0,0.0,2.5
2022-11-26 13:00:00,4.6,,1.7,148,83,3.9,2.4,4.2,4.7,0.0,0.0,2.1
2022-11-26 14:00:00,4.6,,1.5,171,85,3.4,2.1,4.5,4.7,4.0,0.0,2.3
2022-11-26 15:00:00,4.0,,1.4,169,84,4.0,2.6,4.0,4.6,5.0,0.0,1.5
2022-11-26 16:00:00,4.2,,2.8,159,83,4.7,2.8,3.8,4.2,5.0,0.0,1.7
2022-11-26 17:00:00,4.1,,2.5,145,83,5.1,2.9,3.8,4.2,12.0,0.1,1.5
2022-11-26 18:00:00,4.1,,3.3,150,82,5.4,3.5,4.1,4.4,0.0,0.0,1.3
2022-11-26 19:00:00,3.8,,3.7,153,81,6.8,4.3,3.8,4.3,0.0,0.0,0.9
2022-11-26 20:00:00,3.6,,3.7,148,79,7.1,3.9,3.6,3.8,0.0,0.0,0.2
2022-11-26 21:00:00,4.5,,4.9,144,77,8.5,5.1,3.6,4.5,0.0,0.0,0.9
2022-11-26 22:00:00,4.6,,5.2,156,77,9.5,5.7,4.4,4.7,0.0,0.0,0.9
2022-11-26 23:00:00,4.7,,4.9,151,78,10.6,6.1,4.5,4.9,0.0,0.0,1.1
2022-11-27 00:00:00,4.8,,4.4,148,78,9.6,6.0,4.6,4.9,0.0,0.0,1.3
2022-11-27 01:00:00,4.8,,6.0,152,75,10.1,6.1,4.7,5.0,0.0,0.0,0.9
2022-11-27 02:00:00,5.2,,7.5,147,76,13.0,7.6,4.5,5.2,0.0,0.0,1.5
2022-11-27 03:00:00,5.2,,6.8,152,75,14.4,8.5,5.0,5.4,0.0,0.0,1.3
2022-11-27 04:00:00,5.4,,6.3,152,76,13.5,7.1,5.2,5.5,0.0,0.0,1.5
2022-11-27 05:00:00,5.4,,6.1,153,75,13.7,7.6,5.3,5.5,0.0,0.0,1.5
2022-11-27 06:00:00,5.9,,6.8,154,71,15.0,7.5,5.4,5.9,0.0,0.0,1.1
2022-11-27 07:00:00,6.0,,7.5,157,73,14.7,8.1,5.7,6.0,0.0,0.0,1.7
2022-11-27 08:00:00,5.8,,8.0,157,75,14.1,8.5,5.7,6.1,0.0,0.0,1.7
2022-11-27 09:00:00,6.0,,7.6,155,72,14.4,8.3,5.7,6.0,0.0,0.0,1.5
2022-11-27 10:00:00,5.9,,8.2,159,67,17.0,9.8,5.8,6.0,0.0,0.0,0.2
2022-11-27 11:00:00,5.6,,5.9,158,72,14.7,8.5,5.5,5.9,0.0,0.0,1.1
2022-11-27 12:00:00,5.4,,6.7,160,70,13.1,7.8,5.4,5.7,0.0,0.0,0.4
2022-11-27 13:00:00,5.4,,6.1,157,70,12.8,7.4,5.3,5.5,0.0,0.0,0.4
2022-11-27 14:00:00,5.5,,6.8,151,69,12.5,7.0,5.5,5.6,0.0,0.0,0.2
2022-11-27 15:00:00,5.2,,5.3,151,71,13.5,8.0,5.1,5.8,6.0,0.0,0.4
2022-11-27 16:00:00,5.1,,6.5,151,71,11.5,7.1,5.1,5.4,0.0,0.0,0.2
2022-11-27 17:00:00,5.1,,6.0,153,74,12.2,6.5,4.5,5.3,39.0,0.8,0.9
2022-11-27 18:00:00,4.8,,5.8,143,75,11.5,6.2,4.8,5.2,22.0,0.0,0.9
2022-11-27 19:00:00,5.1,,5.5,141,72,10.5,6.5,4.7,5.2,0.0,0.0,0.4
2022-11-27 20:00:00,4.5,,5.0,150,78,10.2,5.9,4.3,5.3,17.0,0.2,1.1
2022-11-27 21:00:00,5.1,,5.7,140,72,11.6,5.7,4.5,5.1,0.0,0.0,0.4
2022-11-27 22:00:00,5.0,,6.7,135,72,12.4,6.8,4.9,5.2,0.0,0.0,0.4
2022-11-27 23:00:00,5.1,,8.7,146,70,14.4,8.7,4.8,5.2,5.0,0.0,0.2
2022-11-28 00:00:00,5.0,,7.6,139,71,15.6,8.8,4.8,5.1,0.0,0.0,0.2
2022-11-28 01:00:00,4.9,,6.7,135,71,12.3,7.6,4.8,5.1,0.0,0.0,0.2
2022-11-28 02:00:00,4.8,,7.9,147,69,14.2,8.7,4.7,5.1,0.0,0.0,-0.5
2022-11-28 03:00:00,4.6,,7.9,147,69,15.9,9.5,4.4,4.9,0.0,0.0,-0.5
2022-11-28 04:00:00,4.4,,7.9,151,68,12.2,8.0,4.2,4.6,0.0,0.0,-0.9
2022-11-28 05:00:00,4.3,,5.9,144,68,13.0,7.9,4.3,4.4,0.0,0.0,-1.2
2022-11-28 06:00:00,4.0,,6.3,148,68,11.5,6.3,4.0,4.3,0.0,0.0,-1.4
2022-11-28 07:00:00,3.6,,5.7,141,73,11.8,6.3,3.6,4.0,0.0,0.0,-0.7
2022-11-28 08:00:00,3.8,,5.2,156,72,11.2,6.6,3.4,3.9,0.0,0.0,-0.7
2022-11-28 09:00:00,3.7,,3.5,144,72,9.1,5.7,3.6,3.9,0.0,0.0,-0.7
2022-11-28 10:00:00,3.0,,4.8,127,80,10.5,5.8,3.0,3.7,0.0,0.0,0.0
2022-11-28 11:00:00,3.4,,5.9,148,76,10.2,6.2,3.0,3.4,0.0,0.0,-0.5
2022-11-28 12:00:00,3.4,,7.2,148,74,13.7,8.1,3.3,3.5,3.0,0.0,-0.7
2022-11-28 13:00:00,3.3,,6.6,149,76,12.2,7.5,3.1,3.5,0.0,0.0,-0.5
2022-11-28 14:00:00,3.2,,6.2,147,74,11.5,7.1,3.2,3.3,0.0,0.0,-0.9
2022-11-28 15:00:00,3.0,,6.5,144,74,12.9,7.4,2.9,3.2,2.0,0.0,-1.2
2022-11-28 16:00:00,2.9,,4.0,139,72,10.7,6.8,2.9,3.1,0.0,0.0,-1.7
2022-11-28 17:00:00,2.6,,5.3,131,74,11.3,5.6,2.6,3.0,0.0,0.0,-1.4
2022-11-28 18:00:00,2.6,,5.3,133,74,11.2,6.3,2.5,2.7,0.0,0.0,-1.4
2022-11-28 19:00:00,2.8,,5.7,134,72,11.7,6.9,2.6,2.9,0.0,0.0,-1.7
2022-11-28 20:00:00,2.8,,6.4,149,72,13.1,7.6,2.7,2.9,0.0,0.0,-1.7
2022-11-28 21:00:00,2.7,,5.4,147,72,10.7,6.8,2.7,2.8,0.0,0.0,-1.9
2022-11-28 22:00:00,2.6,,5.6,150,73,9.7,5.7,2.4,2.8,0.0,0.0,-1.7
2022-11-28 23:00:00,2.6,,6.4,152,73,10.8,6.8,2.5,2.7,0.0,0.0,-1.7
2022-11-29 00:00:00,2.8,,6.9,154,71,12.1,7.0,2.6,2.8,0.0,0.0,-1.9
2022-11-29 01:00:00,2.6,,5.4,154,72,11.3,7.2,2.5,2.8,0.0,0.0,-1.9
2022-11-29 02:00:00,2.5,,5.6,127,73,10.7,6.3,2.5,2.7,0.0,0.0,-1.9
2022-11-29 03:00:00,2.6,,6.1,134,70,12.9,6.4,2.4,2.8,0.0,0.0,-2.2
2022-11-29 04:00:00,2.5,,6.4,139,71,13.2,7.8,2.5,2.7,0.0,0.0,-2.2
2022-11-29 05:00:00,2.4,,7.5,157,68,14.2,8.2,2.2,2.4,0.0,0.0,-2.7
2022-11-29 06:00:00,2.0,,5.2,151,72,11.9,7.8,2.0,2.3,0.0,0.0,-2.5
2022-11-29 07:00:00,1.9,,5.6,141,72,10.5,5.6,1.9,2.1,0.0,0.0,-2.7
2022-11-29 08:00:00,1.9,,5.6,147,71,10.1,6.0,1.7,2.0,0.0,0.0,-2.7
2022-11-29 09:00:00,1.8,,5.3,143,71,11.8,7.0,1.8,1.9,0.0,0.0,-2.7
2022-11-29 10:00:00,2.0,,5.8,123,69,10.9,6.3,1.8,2.0,0.0,0.0,-3.0
2022-11-29 11:00:00,2.2,,5.4,132,69,9.9,6.1,2.0,2.2,0.0,0.0,-2.7
2022-11-29 12:00:00,2.1,,5.3,121,69,10.0,5.8,2.1,2.2,0.0,0.0,-3.0
2022-11-29 13:00:00,2.2,,4.9,126,69,11.4,6.3,2.2,2.2,0.0,0.0,-2.7
2022-11-29 14:00:00,2.1,,5.0,120,69,10.0,6.3,2.1,2.2,0.0,0.0,-3.0
2022-11-29 15:00:00,2.1,,5.9,122,68,8.9,5.9,2.0,2.1,0.0,0.0,-3.3
2022-11-29 16:00:00,2.1,,6.4,128,68,11.2,6.4,2.0,2.1,0.0,0.0,-3.3
2022-11-29 17:00:00,2.1,,5.3,116,68,10.4,6.8,2.0,2.2,0.0,0.0,-3.3
2022-11-29 18:00:00,1.9,,4.9,121,69,8.2,5.2,1.9,2.1,0.0,0.0,-3.3
2022-11-29 19:00:00,1.8,,5.2,127,68,9.0,5.4,1.8,1.9,0.0,0.0,-3.3
2022-11-29 20:00:00,1.7,,5.6,119,67,9.7,6.1,1.7,1.9,0.0,0.0,-3.8
2022-11-29 21:00:00,1.7,,4.9,132,66,10.7,6.8,1.6,1.8,0.0,0.0,-3.8
2022-11-29 22:00:00,1.4,,6.1,129,67,10.0,6.1,1.4,1.7,0.0,0.0,-3.8
2022-11-29 23:00:00,1.2,,6.4,120,67,10.9,6.4,1.2,1.4,0.0,0.0,-4.1
2022-11-30 00:00:00,1.5,,4.2,153,65,9.5,6.3,1.1,1.7,0.0,0.0,-4.4
2022-11-30 01:00:00,1.2,,3.7,132,67,9.4,4.5,1.1,1.6,0.0,0.0,-4.1
2022-11-30 02:00:00,1.1,,3.9,124,68,8.5,5.0,0.9,1.2,0.0,0.0,-4.1
2022-11-30 03:00:00,1.1,,5.2,114,69,8.4,5.4,1.0,1.1,0.0,0.0,-3.8
2022-11-30 04:00:00,1.1,,4.6,115,69,9.3,5.3,0.9,1.2,0.0,0.0,-3.8
2022-11-30 05:00:00,1.2,,4.6,112,68,8.8,5.7,1.0,1.2,0.0,0.0,-3.8
2022-11-30 06:00:00,0.9,,5.3,112,70,7.8,5.3,0.9,1.3,0.0,0.0,-3.8
2022-11-30 07:00:00,0.9,,4.1,110,71,7.8,5.4,0.8,0.9,0.0,0.0,-3.8
2022-11-30 08:00:00,1.0,,4.7,115,70,7.1,4.9,0.9,1.0,0.0,0.0,-3.8
2022-11-30 09:00:00,1.1,,4.1,121,70,7.8,5.2,0.9,1.1,0.0,0.0,-3.8
2022-11-30 10:00:00,1.2,,3.3,127,70,6.7,4.0,1.0,1.2,0.0,0.0,-3.6
2022-11-30 11:00:00,1.4,,2.7,120,70,6.1,3.8,1.2,1.4,0.0,0.0,-3.3
2022-11-30 12:00:00,1.5,,1.5,146,69,5.7,3.5,1.4,1.5,0.0,0.0,-3.6
2022-11-30 13:00:00,1.4,,1.4,155,71,4.3,2.5,1.4,1.6,0.0,0.0,-3.3
2022-11-30 14:00:00,1.3,,1.3,158,72,3.6,1.7,1.3,1.4,2.0,0.0,-3.3
2022-11-30 15:00:00,1.0,,1.1,154,75,3.7,1.7,1.0,1.3,22.0,0.0,-2.7
2022-11-30 16:00:00,0.8,,0.9,180,76,2.4,1.6,0.8,1.0,22.0,0.0,-3.0
2022-11-30 17:00:00,0.8,,0.9,178,76,2.7,1.3,0.8,1.0,0.0,0.0,-3.0
2022-11-30 18:00:00,0.8,,0.7,163,76,1.9,1.0,0.8,0.9,0.0,0.0,-3.0
2022-11-30 19:00:00,0.9,,1.0,203,76,2.1,1.1,0.7,0.9,0.0,0.0,-3.0
2022-11-30 20:00:00,0.8,,1.1,188,76,1.9,1.3,0.7,0.9,0.0,0.0,-3.0
2022-11-30 21:00:00,0.7,,1.0,186,76,1.7,1.2,0.6,0.9,0.0,0.0,-3.0
2022-11-30 22:00:00,0.6,,1.1,205,76,2.2,1.4,0.6,0.8,0.0,0.0,-3.0
2022-11-30 23:00:00,0.7,,1.1,204,75,2.0,1.5,0.4,0.7,0.0,0.0,-3.3
