referenceTime,surface_snow_thickness,surface_temperature,air_temperature,wind_speed,wind_from_direction,sum(precipitation_amount PT1H),relative_humidity,dew_point_temperature,time
2023-11-16 19:30:00+00:00,7,-4.3,,,,,,,2023-11-16 19:30:00+00:00
2023-11-16 19:40:00+00:00,7,-4.4,,,,,,,2023-11-16 19:40:00+00:00
2023-11-16 19:50:00+00:00,7,-4.6,,,,,,,2023-11-16 19:50:00+00:00
2023-11-16 20:00:00+00:00,7,-5.3,-3.1,5.5,146.0,0.0,68.0,-8.1,2023-11-16 20:00:00+00:00
2023-11-16 20:10:00+00:00,7,-6.1,,,,,,,2023-11-16 20:10:00+00:00
2023-11-16 20:20:00+00:00,7,-6.2,,,,,,,2023-11-16 20:20:00+00:00
2023-11-16 20:30:00+00:00,7,-6.6,,,,,,,2023-11-16 20:30:00+00:00
2023-11-16 20:40:00+00:00,7,-6.7,,,,,,,2023-11-16 20:40:00+00:00
2023-11-16 20:50:00+00:00,7,-6.9,,,,,,,2023-11-16 20:50:00+00:00
2023-11-16 21:00:00+00:00,7,-6.6,-3.5,6.1,155.0,0.0,67.0,-8.9,2023-11-16 21:00:00+00:00
2023-11-16 21:10:00+00:00,7,-6.8,,,,,,,2023-11-16 21:10:00+00:00
2023-11-16 21:20:00+00:00,7,-6.8,,,,,,,2023-11-16 21:20:00+00:00
2023-11-16 21:30:00+00:00,7,-7.0,,,,,,,2023-11-16 21:30:00+00:00
2023-11-16 21:40:00+00:00,7,-7.2,,,,,,,2023-11-16 21:40:00+00:00
2023-11-16 21:50:00+00:00,7,-7.1,,,,,,,2023-11-16 21:50:00+00:00
2023-11-16 22:00:00+00:00,7,-7.3,-4.0,4.9,151.0,0.0,67.0,-9.4,2023-11-16 22:00:00+00:00
2023-11-16 22:10:00+00:00,7,-7.8,,,,,,,2023-11-16 22:10:00+00:00
2023-11-16 22:20:00+00:00,7,-7.6,,,,,,,2023-11-16 22:20:00+00:00
2023-11-16 22:30:00+00:00,7,-7.4,,,,,,,2023-11-16 22:30:00+00:00
2023-11-16 22:40:00+00:00,7,-8.0,,,,,,,2023-11-16 22:40:00+00:00
2023-11-16 22:50:00+00:00,7,-7.5,,,,,,,2023-11-16 22:50:00+00:00
2023-11-16 23:00:00+00:00,7,-7.7,-4.3,5.0,156.0,0.0,67.0,-9.8,2023-11-16 23:00:00+00:00
2023-11-16 23:10:00+00:00,7,-7.9,,,,,,,2023-11-16 23:10:00+00:00
2023-11-16 23:20:00+00:00,7,-8.7,,,,,,,2023-11-16 23:20:00+00:00
2023-11-16 23:30:00+00:00,7,-8.0,,,,,,,2023-11-16 23:30:00+00:00
2023-11-16 23:40:00+00:00,6,-7.6,,,,,,,2023-11-16 23:40:00+00:00
2023-11-16 23:50:00+00:00,7,-7.7,,,,,,,2023-11-16 23:50:00+00:00
2023-11-17 00:00:00+00:00,7,-7.7,-4.4,5.2,163.0,0.0,67.0,-9.8,2023-11-17 00:00:00+00:00
2023-11-17 00:10:00+00:00,7,-7.8,,,,,,,2023-11-17 00:10:00+00:00
2023-11-17 00:20:00+00:00,7,-8.0,,,,,,,2023-11-17 00:20:00+00:00
2023-11-17 00:30:00+00:00,7,-9.1,,,,,,,2023-11-17 00:30:00+00:00
2023-11-17 00:40:00+00:00,7,-9.7,,,,,,,2023-11-17 00:40:00+00:00
2023-11-17 00:50:00+00:00,6,-9.9,,,,,,,2023-11-17 00:50:00+00:00
2023-11-17 01:00:00+00:00,7,-10.9,-4.8,1.4,179.0,0.0,68.0,-9.8,2023-11-17 01:00:00+00:00
2023-11-17 01:10:00+00:00,7,-12.3,,,,,,,2023-11-17 01:10:00+00:00
2023-11-17 01:20:00+00:00,6,-12.9,,,,,,,2023-11-17 01:20:00+00:00
2023-11-17 01:30:00+00:00,6,-12.3,,,,,,,2023-11-17 01:30:00+00:00
2023-11-17 01:40:00+00:00,6,-13.0,,,,,,,2023-11-17 01:40:00+00:00
2023-11-17 01:50:00+00:00,6,-12.5,,,,,,,2023-11-17 01:50:00+00:00
2023-11-17 02:00:00+00:00,6,-13.2,-6.0,0.0,0.0,0.0,72.0,-10.2,2023-11-17 02:00:00+00:00
2023-11-17 02:10:00+00:00,6,-12.2,,,,,,,2023-11-17 02:10:00+00:00
2023-11-17 02:20:00+00:00,6,-13.1,,,,,,,2023-11-17 02:20:00+00:00
2023-11-17 02:30:00+00:00,6,-11.2,,,,,,,2023-11-17 02:30:00+00:00
2023-11-17 02:40:00+00:00,6,-12.8,,,,,,,2023-11-17 02:40:00+00:00
2023-11-17 02:50:00+00:00,6,-12.7,,,,,,,2023-11-17 02:50:00+00:00
2023-11-17 03:00:00+00:00,6,-10.4,-4.9,2.1,194.0,0.0,68.0,-9.8,2023-11-17 03:00:00+00:00
2023-11-17 03:10:00+00:00,6,-10.1,,,,,,,2023-11-17 03:10:00+00:00
2023-11-17 03:20:00+00:00,6,-9.2,,,,,,,2023-11-17 03:20:00+00:00
2023-11-17 03:30:00+00:00,6,-9.1,,,,,,,2023-11-17 03:30:00+00:00
2023-11-17 03:40:00+00:00,6,-9.5,,,,,,,2023-11-17 03:40:00+00:00
2023-11-17 03:50:00+00:00,6,-9.6,,,,,,,2023-11-17 03:50:00+00:00
2023-11-17 04:00:00+00:00,6,-9.5,-4.4,2.7,199.0,0.0,66.0,-9.8,2023-11-17 04:00:00+00:00
2023-11-17 04:10:00+00:00,6,-9.4,,,,,,,2023-11-17 04:10:00+00:00
2023-11-17 04:20:00+00:00,6,-9.4,,,,,,,2023-11-17 04:20:00+00:00
2023-11-17 04:30:00+00:00,6,-8.8,,,,,,,2023-11-17 04:30:00+00:00
2023-11-17 04:40:00+00:00,6,-9.5,,,,,,,2023-11-17 04:40:00+00:00
2023-11-17 04:50:00+00:00,6,-9.3,,,,,,,2023-11-17 04:50:00+00:00
2023-11-17 05:00:00+00:00,6,-8.9,-4.0,2.6,207.0,0.0,66.0,-9.4,2023-11-17 05:00:00+00:00
2023-11-17 05:10:00+00:00,6,-9.8,,,,,,,2023-11-17 05:10:00+00:00
2023-11-17 05:20:00+00:00,6,-10.7,,,,,,,2023-11-17 05:20:00+00:00
2023-11-17 05:30:00+00:00,6,-10.3,,,,,,,2023-11-17 05:30:00+00:00
2023-11-17 05:40:00+00:00,6,-12.4,,,,,,,2023-11-17 05:40:00+00:00
2023-11-17 05:50:00+00:00,6,-13.0,,,,,,,2023-11-17 05:50:00+00:00
2023-11-17 06:00:00+00:00,6,-12.9,-5.1,0.6,168.0,0.0,72.0,-9.4,2023-11-17 06:00:00+00:00
2023-11-17 06:10:00+00:00,6,-12.6,,,,,,,2023-11-17 06:10:00+00:00
2023-11-17 06:20:00+00:00,6,-12.9,,,,,,,2023-11-17 06:20:00+00:00
2023-11-17 06:30:00+00:00,6,-11.6,,,,,,,2023-11-17 06:30:00+00:00
2023-11-17 06:40:00+00:00,6,-12.7,,,,,,,2023-11-17 06:40:00+00:00
2023-11-17 06:50:00+00:00,6,-12.9,,,,,,,2023-11-17 06:50:00+00:00
2023-11-17 07:00:00+00:00,6,-12.7,-4.6,0.9,175.0,0.0,69.0,-9.4,2023-11-17 07:00:00+00:00
2023-11-17 07:10:00+00:00,6,-11.6,,,,,,,2023-11-17 07:10:00+00:00
2023-11-17 07:20:00+00:00,6,-12.4,,,,,,,2023-11-17 07:20:00+00:00
2023-11-17 07:30:00+00:00,6,-11.7,,,,,,,2023-11-17 07:30:00+00:00
2023-11-17 07:40:00+00:00,6,-10.2,,,,,,,2023-11-17 07:40:00+00:00
2023-11-17 07:50:00+00:00,6,-10.0,,,,,,,2023-11-17 07:50:00+00:00
2023-11-17 08:00:00+00:00,6,-9.5,-3.6,1.9,202.0,0.0,66.0,-8.9,2023-11-17 08:00:00+00:00
2023-11-17 08:10:00+00:00,6,-10.3,,,,,,,2023-11-17 08:10:00+00:00
2023-11-17 08:20:00+00:00,6,-8.4,,,,,,,2023-11-17 08:20:00+00:00
2023-11-17 08:30:00+00:00,6,-9.1,,,,,,,2023-11-17 08:30:00+00:00
2023-11-17 08:40:00+00:00,6,-9.5,,,,,,,2023-11-17 08:40:00+00:00
2023-11-17 08:50:00+00:00,6,-9.9,,,,,,,2023-11-17 08:50:00+00:00
2023-11-17 09:00:00+00:00,6,-9.3,-2.7,1.0,198.0,0.0,63.0,-8.5,2023-11-17 09:00:00+00:00
2023-11-17 09:10:00+00:00,6,-8.6,,,,,,,2023-11-17 09:10:00+00:00
2023-11-17 09:20:00+00:00,6,-8.3,,,,,,,2023-11-17 09:20:00+00:00
2023-11-17 09:30:00+00:00,5,-8.2,,,,,,,2023-11-17 09:30:00+00:00
2023-11-17 09:40:00+00:00,5,-8.4,,,,,,,2023-11-17 09:40:00+00:00
2023-11-17 09:50:00+00:00,5,-8.3,,,,,,,2023-11-17 09:50:00+00:00
2023-11-17 10:00:00+00:00,5,-8.4,-1.5,0.8,178.0,0.0,62.0,-7.8,2023-11-17 10:00:00+00:00
2023-11-17 10:10:00+00:00,5,-7.4,,,,,,,2023-11-17 10:10:00+00:00
2023-11-17 10:20:00+00:00,5,-7.3,,,,,,,2023-11-17 10:20:00+00:00
2023-11-17 10:30:00+00:00,5,-7.8,,,,,,,2023-11-17 10:30:00+00:00
2023-11-17 10:40:00+00:00,5,-7.7,,,,,,,2023-11-17 10:40:00+00:00
2023-11-17 10:50:00+00:00,5,-7.4,,,,,,,2023-11-17 10:50:00+00:00
2023-11-17 11:00:00+00:00,5,-8.3,-0.9,0.5,209.0,0.0,61.0,-7.4,2023-11-17 11:00:00+00:00
2023-11-17 11:10:00+00:00,5,-8.3,,,,,,,2023-11-17 11:10:00+00:00
2023-11-17 11:20:00+00:00,5,-8.3,,,,,,,2023-11-17 11:20:00+00:00
2023-11-17 11:30:00+00:00,5,-8.7,,,,,,,2023-11-17 11:30:00+00:00
2023-11-17 11:40:00+00:00,5,-9.2,,,,,,,2023-11-17 11:40:00+00:00
2023-11-17 11:50:00+00:00,5,-9.4,,,,,,,2023-11-17 11:50:00+00:00
2023-11-17 12:00:00+00:00,5,-8.7,-2.1,0.9,183.0,0.0,66.0,-7.8,2023-11-17 12:00:00+00:00
2023-11-17 12:10:00+00:00,5,-8.4,,,,,,,2023-11-17 12:10:00+00:00
2023-11-17 12:20:00+00:00,5,-8.8,,,,,,,2023-11-17 12:20:00+00:00
2023-11-17 12:30:00+00:00,5,-7.7,,,,,,,2023-11-17 12:30:00+00:00
2023-11-17 12:40:00+00:00,5,-7.1,,,,,,,2023-11-17 12:40:00+00:00
2023-11-17 12:50:00+00:00,5,-6.8,,,,,,,2023-11-17 12:50:00+00:00
2023-11-17 13:00:00+00:00,5,-7.8,-2.2,1.2,218.0,0.0,68.0,-7.4,2023-11-17 13:00:00+00:00
2023-11-17 13:10:00+00:00,5,-7.1,,,,,,,2023-11-17 13:10:00+00:00
2023-11-17 13:20:00+00:00,5,-7.2,,,,,,,2023-11-17 13:20:00+00:00
2023-11-17 13:30:00+00:00,5,-7.3,,,,,,,2023-11-17 13:30:00+00:00
2023-11-17 13:40:00+00:00,5,-7.8,,,,,,,2023-11-17 13:40:00+00:00
2023-11-17 13:50:00+00:00,5,-8.3,,,,,,,2023-11-17 13:50:00+00:00
2023-11-17 14:00:00+00:00,5,-8.4,-2.8,0.5,223.0,0.0,68.0,-7.8,2023-11-17 14:00:00+00:00
2023-11-17 14:10:00+00:00,5,-9.0,,,,,,,2023-11-17 14:10:00+00:00
2023-11-17 14:20:00+00:00,5,-9.4,,,,,,,2023-11-17 14:20:00+00:00
2023-11-17 14:30:00+00:00,6,-9.0,,,,,,,2023-11-17 14:30:00+00:00
2023-11-17 14:40:00+00:00,6,-8.8,,,,,,,2023-11-17 14:40:00+00:00
2023-11-17 14:50:00+00:00,6,-8.8,,,,,,,2023-11-17 14:50:00+00:00
2023-11-17 15:00:00+00:00,6,-8.7,-3.1,2.0,207.0,0.0,68.0,-8.1,2023-11-17 15:00:00+00:00
2023-11-17 15:10:00+00:00,6,-9.3,,,,,,,2023-11-17 15:10:00+00:00
2023-11-17 15:20:00+00:00,6,-8.9,,,,,,,2023-11-17 15:20:00+00:00
2023-11-17 15:30:00+00:00,6,-9.0,,,,,,,2023-11-17 15:30:00+00:00
2023-11-17 15:40:00+00:00,6,-9.6,,,,,,,2023-11-17 15:40:00+00:00
2023-11-17 15:50:00+00:00,6,-10.2,,,,,,,2023-11-17 15:50:00+00:00
2023-11-17 16:00:00+00:00,6,-10.1,-3.7,0.4,190.0,0.0,70.0,-8.5,2023-11-17 16:00:00+00:00
2023-11-17 16:10:00+00:00,6,-9.6,,,,,,,2023-11-17 16:10:00+00:00
2023-11-17 16:20:00+00:00,6,-10.5,,,,,,,2023-11-17 16:20:00+00:00
2023-11-17 16:30:00+00:00,6,-9.6,,,,,,,2023-11-17 16:30:00+00:00
2023-11-17 16:40:00+00:00,6,-11.5,,,,,,,2023-11-17 16:40:00+00:00
2023-11-17 16:50:00+00:00,6,-10.1,,,,,,,2023-11-17 16:50:00+00:00
2023-11-17 17:00:00+00:00,6,-11.1,-4.0,1.2,184.0,0.0,70.0,-8.5,2023-11-17 17:00:00+00:00
2023-11-17 17:10:00+00:00,6,-9.6,,,,,,,2023-11-17 17:10:00+00:00
2023-11-17 17:20:00+00:00,6,-10.0,,,,,,,2023-11-17 17:20:00+00:00
2023-11-17 17:30:00+00:00,6,-10.4,,,,,,,2023-11-17 17:30:00+00:00
2023-11-17 17:40:00+00:00,6,-11.0,,,,,,,2023-11-17 17:40:00+00:00
2023-11-17 17:50:00+00:00,6,-10.8,,,,,,,2023-11-17 17:50:00+00:00
2023-11-17 18:00:00+00:00,6,-10.8,-3.1,1.3,183.0,0.0,68.0,-8.1,2023-11-17 18:00:00+00:00
2023-11-17 18:10:00+00:00,6,-9.2,,,,,,,2023-11-17 18:10:00+00:00
2023-11-17 18:20:00+00:00,6,-9.0,,,,,,,2023-11-17 18:20:00+00:00
2023-11-17 18:30:00+00:00,5,-9.4,,,,,,,2023-11-17 18:30:00+00:00
2023-11-17 18:40:00+00:00,6,-9.9,,,,,,,2023-11-17 18:40:00+00:00
2023-11-17 18:50:00+00:00,6,-9.6,,,,,,,2023-11-17 18:50:00+00:00
2023-11-17 19:00:00+00:00,5,-11.1,-3.7,0.5,162.0,0.0,70.0,-8.5,2023-11-17 19:00:00+00:00
2023-11-17 19:10:00+00:00,6,-10.1,,,,,,,2023-11-17 19:10:00+00:00
2023-11-17 19:20:00+00:00,5,-8.6,,,,,,,2023-11-17 19:20:00+00:00
2023-11-17 19:30:00+00:00,5,-10.3,,,,,,,2023-11-17 19:30:00+00:00
2023-11-17 19:40:00+00:00,5,-11.0,,,,,,,2023-11-17 19:40:00+00:00
2023-11-17 19:50:00+00:00,5,-9.6,,,,,,,2023-11-17 19:50:00+00:00
2023-11-17 20:00:00+00:00,6,-10.7,-3.5,1.2,179.0,0.0,65.0,-8.9,2023-11-17 20:00:00+00:00
2023-11-17 20:10:00+00:00,5,-8.5,,,,,,,2023-11-17 20:10:00+00:00
2023-11-17 20:20:00+00:00,5,-10.0,,,,,,,2023-11-17 20:20:00+00:00
2023-11-17 20:30:00+00:00,5,-10.2,,,,,,,2023-11-17 20:30:00+00:00
2023-11-17 20:40:00+00:00,5,-10.6,,,,,,,2023-11-17 20:40:00+00:00
2023-11-17 20:50:00+00:00,5,-10.6,,,,,,,2023-11-17 20:50:00+00:00
2023-11-17 21:00:00+00:00,5,-10.6,-4.0,0.8,206.0,0.0,66.0,-9.4,2023-11-17 21:00:00+00:00
2023-11-17 21:10:00+00:00,5,-10.1,,,,,,,2023-11-17 21:10:00+00:00
2023-11-17 21:20:00+00:00,5,-11.4,,,,,,,2023-11-17 21:20:00+00:00
2023-11-17 21:30:00+00:00,5,-11.4,,,,,,,2023-11-17 21:30:00+00:00
2023-11-17 21:40:00+00:00,5,-10.4,,,,,,,2023-11-17 21:40:00+00:00
2023-11-17 21:50:00+00:00,5,-10.0,,,,,,,2023-11-17 21:50:00+00:00
2023-11-17 22:00:00+00:00,5,-11.5,-4.1,0.2,156.0,0.0,67.0,-9.4,2023-11-17 22:00:00+00:00
2023-11-17 22:10:00+00:00,5,-11.6,,,,,,,2023-11-17 22:10:00+00:00
2023-11-17 22:20:00+00:00,5,-11.1,,,,,,,2023-11-17 22:20:00+00:00
2023-11-17 22:30:00+00:00,5,-9.5,,,,,,,2023-11-17 22:30:00+00:00
2023-11-17 22:40:00+00:00,5,-11.0,,,,,,,2023-11-17 22:40:00+00:00
2023-11-17 22:50:00+00:00,5,-11.0,,,,,,,2023-11-17 22:50:00+00:00
2023-11-17 23:00:00+00:00,5,-10.5,-2.8,0.8,183.0,0.0,60.0,-9.4,2023-11-17 23:00:00+00:00
2023-11-17 23:10:00+00:00,5,-11.8,,,,,,,2023-11-17 23:10:00+00:00
2023-11-17 23:20:00+00:00,5,-11.2,,,,,,,2023-11-17 23:20:00+00:00
2023-11-17 23:30:00+00:00,5,-11.4,,,,,,,2023-11-17 23:30:00+00:00
2023-11-17 23:40:00+00:00,5,-10.9,,,,,,,2023-11-17 23:40:00+00:00
2023-11-17 23:50:00+00:00,5,-10.0,,,,,,,2023-11-17 23:50:00+00:00
2023-11-18 00:00:00+00:00,5,-10.3,-2.0,1.8,173.0,0.0,59.0,-8.9,2023-11-18 00:00:00+00:00
2023-11-18 00:10:00+00:00,5,-9.5,,,,,,,2023-11-18 00:10:00+00:00
2023-11-18 00:20:00+00:00,5,-8.1,,,,,,,2023-11-18 00:20:00+00:00
2023-11-18 00:30:00+00:00,5,-7.0,,,,,,,2023-11-18 00:30:00+00:00
2023-11-18 00:40:00+00:00,5,-8.1,,,,,,,2023-11-18 00:40:00+00:00
2023-11-18 00:50:00+00:00,5,-8.0,,,,,,,2023-11-18 00:50:00+00:00
2023-11-18 01:00:00+00:00,5,-7.4,-2.0,2.0,201.0,0.0,61.0,-8.5,2023-11-18 01:00:00+00:00
2023-11-18 01:10:00+00:00,5,-7.7,,,,,,,2023-11-18 01:10:00+00:00
2023-11-18 01:20:00+00:00,5,-8.8,,,,,,,2023-11-18 01:20:00+00:00
2023-11-18 01:30:00+00:00,5,-7.9,,,,,,,2023-11-18 01:30:00+00:00
2023-11-18 01:40:00+00:00,5,-10.0,,,,,,,2023-11-18 01:40:00+00:00
2023-11-18 01:50:00+00:00,5,-8.9,,,,,,,2023-11-18 01:50:00+00:00
2023-11-18 02:00:00+00:00,5,-8.3,-2.3,2.5,187.0,0.0,59.0,-8.9,2023-11-18 02:00:00+00:00
2023-11-18 02:10:00+00:00,5,-7.5,,,,,,,2023-11-18 02:10:00+00:00
2023-11-18 02:20:00+00:00,5,-6.9,,,,,,,2023-11-18 02:20:00+00:00
2023-11-18 02:30:00+00:00,5,-6.6,,,,,,,2023-11-18 02:30:00+00:00
2023-11-18 02:40:00+00:00,5,-6.5,,,,,,,2023-11-18 02:40:00+00:00
2023-11-18 02:50:00+00:00,5,-6.3,,,,,,,2023-11-18 02:50:00+00:00
2023-11-18 03:00:00+00:00,5,-6.4,-1.1,2.4,177.0,0.0,57.0,-8.5,2023-11-18 03:00:00+00:00
2023-11-18 03:10:00+00:00,5,-4.9,,,,,,,2023-11-18 03:10:00+00:00
2023-11-18 03:20:00+00:00,5,-4.9,,,,,,,2023-11-18 03:20:00+00:00
2023-11-18 03:30:00+00:00,5,-4.2,,,,,,,2023-11-18 03:30:00+00:00
2023-11-18 03:40:00+00:00,5,-4.7,,,,,,,2023-11-18 03:40:00+00:00
2023-11-18 03:50:00+00:00,5,-3.8,,,,,,,2023-11-18 03:50:00+00:00
2023-11-18 04:00:00+00:00,5,-3.2,-0.6,2.5,161.0,0.0,58.0,-7.8,2023-11-18 04:00:00+00:00
2023-11-18 04:10:00+00:00,5,-2.7,,,,,,,2023-11-18 04:10:00+00:00
2023-11-18 04:20:00+00:00,5,-2.6,,,,,,,2023-11-18 04:20:00+00:00
2023-11-18 04:30:00+00:00,5,-2.7,,,,,,,2023-11-18 04:30:00+00:00
2023-11-18 04:40:00+00:00,5,-2.6,,,,,,,2023-11-18 04:40:00+00:00
2023-11-18 04:50:00+00:00,5,-2.6,,,,,,,2023-11-18 04:50:00+00:00
2023-11-18 05:00:00+00:00,5,-2.6,-0.4,2.6,150.0,0.0,59.0,-7.4,2023-11-18 05:00:00+00:00
2023-11-18 05:10:00+00:00,5,-3.5,,,,,,,2023-11-18 05:10:00+00:00
2023-11-18 05:20:00+00:00,5,-3.8,,,,,,,2023-11-18 05:20:00+00:00
2023-11-18 05:30:00+00:00,5,-3.4,,,,,,,2023-11-18 05:30:00+00:00
2023-11-18 05:40:00+00:00,5,-2.9,,,,,,,2023-11-18 05:40:00+00:00
2023-11-18 05:50:00+00:00,5,-3.2,,,,,,,2023-11-18 05:50:00+00:00
2023-11-18 06:00:00+00:00,5,-3.2,-0.7,3.1,166.0,0.0,62.0,-7.0,2023-11-18 06:00:00+00:00
2023-11-18 06:10:00+00:00,5,-2.9,,,,,,,2023-11-18 06:10:00+00:00
2023-11-18 06:20:00+00:00,5,-3.0,,,,,,,2023-11-18 06:20:00+00:00
2023-11-18 06:30:00+00:00,5,-2.6,,,,,,,2023-11-18 06:30:00+00:00
2023-11-18 06:40:00+00:00,5,-2.6,,,,,,,2023-11-18 06:40:00+00:00
2023-11-18 06:50:00+00:00,5,-2.5,,,,,,,2023-11-18 06:50:00+00:00
2023-11-18 07:00:00+00:00,5,-2.3,-0.4,3.2,160.0,0.0,64.0,-6.3,2023-11-18 07:00:00+00:00
2023-11-18 07:10:00+00:00,5,-2.3,,,,,,,2023-11-18 07:10:00+00:00
2023-11-18 07:20:00+00:00,5,-2.6,,,,,,,2023-11-18 07:20:00+00:00
2023-11-18 07:30:00+00:00,5,-2.3,,,,,,,2023-11-18 07:30:00+00:00
2023-11-18 07:40:00+00:00,5,-3.0,,,,,,,2023-11-18 07:40:00+00:00
2023-11-18 07:50:00+00:00,5,-2.7,,,,,,,2023-11-18 07:50:00+00:00
2023-11-18 08:00:00+00:00,5,-2.5,-0.6,5.3,153.0,0.0,65.0,-6.3,2023-11-18 08:00:00+00:00
2023-11-18 08:10:00+00:00,5,-2.5,,,,,,,2023-11-18 08:10:00+00:00
2023-11-18 08:20:00+00:00,5,-2.5,,,,,,,2023-11-18 08:20:00+00:00
2023-11-18 08:30:00+00:00,5,-2.8,,,,,,,2023-11-18 08:30:00+00:00
2023-11-18 08:40:00+00:00,5,-2.4,,,,,,,2023-11-18 08:40:00+00:00
2023-11-18 08:50:00+00:00,5,-2.2,,,,,,,2023-11-18 08:50:00+00:00
2023-11-18 09:00:00+00:00,5,-2.3,-0.6,7.2,142.0,0.0,67.0,-6.0,2023-11-18 09:00:00+00:00
2023-11-18 09:10:00+00:00,5,-2.5,,,,,,,2023-11-18 09:10:00+00:00
2023-11-18 09:20:00+00:00,5,-2.6,,,,,,,2023-11-18 09:20:00+00:00
2023-11-18 09:30:00+00:00,5,-2.3,,,,,,,2023-11-18 09:30:00+00:00
2023-11-18 09:40:00+00:00,5,-1.9,,,,,,,2023-11-18 09:40:00+00:00
2023-11-18 09:50:00+00:00,5,-2.0,,,,,,,2023-11-18 09:50:00+00:00
2023-11-18 10:00:00+00:00,5,-1.8,-0.1,5.0,156.0,0.0,65.0,-5.7,2023-11-18 10:00:00+00:00
2023-11-18 10:10:00+00:00,5,-1.9,,,,,,,2023-11-18 10:10:00+00:00
2023-11-18 10:20:00+00:00,5,-2.3,,,,,,,2023-11-18 10:20:00+00:00
2023-11-18 10:30:00+00:00,5,-2.1,,,,,,,2023-11-18 10:30:00+00:00
2023-11-18 10:40:00+00:00,5,-2.0,,,,,,,2023-11-18 10:40:00+00:00
2023-11-18 10:50:00+00:00,5,-2.0,,,,,,,2023-11-18 10:50:00+00:00
2023-11-18 11:00:00+00:00,5,-2.0,-0.3,7.2,156.0,0.0,67.0,-5.7,2023-11-18 11:00:00+00:00
2023-11-18 11:10:00+00:00,5,-1.8,,,,,,,2023-11-18 11:10:00+00:00
2023-11-18 11:20:00+00:00,5,-1.8,,,,,,,2023-11-18 11:20:00+00:00
2023-11-18 11:30:00+00:00,5,-1.8,,,,,,,2023-11-18 11:30:00+00:00
2023-11-18 11:40:00+00:00,5,-2.1,,,,,,,2023-11-18 11:40:00+00:00
2023-11-18 11:50:00+00:00,5,-2.2,,,,,,,2023-11-18 11:50:00+00:00
2023-11-18 12:00:00+00:00,5,-2.2,-0.2,7.5,155.0,0.0,65.0,-6.0,2023-11-18 12:00:00+00:00
2023-11-18 12:10:00+00:00,5,-2.6,,,,,,,2023-11-18 12:10:00+00:00
2023-11-18 12:20:00+00:00,5,-2.7,,,,,,,2023-11-18 12:20:00+00:00
2023-11-18 12:30:00+00:00,5,-1.9,,,,,,,2023-11-18 12:30:00+00:00
2023-11-18 12:40:00+00:00,5,-1.8,,,,,,,2023-11-18 12:40:00+00:00
2023-11-18 12:50:00+00:00,5,-1.7,,,,,,,2023-11-18 12:50:00+00:00
2023-11-18 13:00:00+00:00,5,-1.5,-0.3,7.0,153.0,0.0,68.0,-5.3,2023-11-18 13:00:00+00:00
2023-11-18 13:10:00+00:00,5,-1.7,,,,,,,2023-11-18 13:10:00+00:00
2023-11-18 13:20:00+00:00,5,-1.5,,,,,,,2023-11-18 13:20:00+00:00
2023-11-18 13:30:00+00:00,5,-1.5,,,,,,,2023-11-18 13:30:00+00:00
2023-11-18 13:40:00+00:00,5,-1.4,,,,,,,2023-11-18 13:40:00+00:00
2023-11-18 13:50:00+00:00,5,-1.3,,,,,,,2023-11-18 13:50:00+00:00
2023-11-18 14:00:00+00:00,5,-1.0,0.5,7.8,151.0,0.0,64.0,-5.7,2023-11-18 14:00:00+00:00
2023-11-18 14:10:00+00:00,5,-1.2,,,,,,,2023-11-18 14:10:00+00:00
2023-11-18 14:20:00+00:00,5,-1.5,,,,,,,2023-11-18 14:20:00+00:00
2023-11-18 14:30:00+00:00,5,-1.7,,,,,,,2023-11-18 14:30:00+00:00
2023-11-18 14:40:00+00:00,5,-1.8,,,,,,,2023-11-18 14:40:00+00:00
2023-11-18 14:50:00+00:00,5,-1.8,,,,,,,2023-11-18 14:50:00+00:00
2023-11-18 15:00:00+00:00,5,-1.9,-0.4,8.1,163.0,0.0,70.0,-5.3,2023-11-18 15:00:00+00:00
2023-11-18 15:10:00+00:00,5,-1.9,,,,,,,2023-11-18 15:10:00+00:00
2023-11-18 15:20:00+00:00,5,-2.0,,,,,,,2023-11-18 15:20:00+00:00
2023-11-18 15:30:00+00:00,5,-2.0,,,,,,,2023-11-18 15:30:00+00:00
2023-11-18 15:40:00+00:00,5,-2.0,,,,,,,2023-11-18 15:40:00+00:00
2023-11-18 15:50:00+00:00,5,-2.0,,,,,,,2023-11-18 15:50:00+00:00
2023-11-18 16:00:00+00:00,5,-1.9,-0.5,8.0,157.0,0.0,69.0,-5.3,2023-11-18 16:00:00+00:00
2023-11-18 16:10:00+00:00,5,-2.0,,,,,,,2023-11-18 16:10:00+00:00
2023-11-18 16:20:00+00:00,5,-2.1,,,,,,,2023-11-18 16:20:00+00:00
2023-11-18 16:30:00+00:00,5,-2.0,,,,,,,2023-11-18 16:30:00+00:00
2023-11-18 16:40:00+00:00,5,-2.1,,,,,,,2023-11-18 16:40:00+00:00
2023-11-18 16:50:00+00:00,5,-2.1,,,,,,,2023-11-18 16:50:00+00:00
2023-11-18 17:00:00+00:00,5,-2.2,-0.6,7.3,168.0,0.0,71.0,-5.3,2023-11-18 17:00:00+00:00
2023-11-18 17:10:00+00:00,5,-2.1,,,,,,,2023-11-18 17:10:00+00:00
2023-11-18 17:20:00+00:00,5,-2.2,,,,,,,2023-11-18 17:20:00+00:00
2023-11-18 17:30:00+00:00,5,-2.2,,,,,,,2023-11-18 17:30:00+00:00
2023-11-18 17:40:00+00:00,5,-2.2,,,,,,,2023-11-18 17:40:00+00:00
2023-11-18 17:50:00+00:00,5,-2.0,,,,,,,2023-11-18 17:50:00+00:00
2023-11-18 18:00:00+00:00,5,-2.2,-0.5,7.1,159.0,0.0,69.0,-5.3,2023-11-18 18:00:00+00:00
2023-11-18 18:10:00+00:00,5,-2.2,,,,,,,2023-11-18 18:10:00+00:00
2023-11-18 18:20:00+00:00,5,-2.2,,,,,,,2023-11-18 18:20:00+00:00
2023-11-18 18:30:00+00:00,5,-2.2,,,,,,,2023-11-18 18:30:00+00:00
2023-11-18 18:40:00+00:00,5,-2.1,,,,,,,2023-11-18 18:40:00+00:00
2023-11-18 18:50:00+00:00,5,-2.1,,,,,,,2023-11-18 18:50:00+00:00
2023-11-18 19:00:00+00:00,5,-1.9,-0.4,8.2,182.0,0.0,68.0,-5.7,2023-11-18 19:00:00+00:00
2023-11-18 19:10:00+00:00,5,-2.4,,,,,,,2023-11-18 19:10:00+00:00
2023-11-18 19:20:00+00:00,5,-2.3,,,,,,,2023-11-18 19:20:00+00:00
2023-11-18 19:30:00+00:00,5,-2.3,,,,,,,2023-11-18 19:30:00+00:00
2023-11-18 19:40:00+00:00,5,-2.1,,,,,,,2023-11-18 19:40:00+00:00
2023-11-18 19:50:00+00:00,5,-2.0,,,,,,,2023-11-18 19:50:00+00:00
2023-11-18 20:00:00+00:00,5,-2.0,-0.4,12.3,189.0,0.0,69.0,-5.3,2023-11-18 20:00:00+00:00
2023-11-18 20:10:00+00:00,5,-2.1,,,,,,,2023-11-18 20:10:00+00:00
2023-11-18 20:20:00+00:00,5,-2.1,,,,,,,2023-11-18 20:20:00+00:00
2023-11-18 20:30:00+00:00,5,-2.1,,,,,,,2023-11-18 20:30:00+00:00
2023-11-18 20:40:00+00:00,5,-2.0,,,,,,,2023-11-18 20:40:00+00:00
2023-11-18 20:50:00+00:00,5,-2.1,,,,,,,2023-11-18 20:50:00+00:00
2023-11-18 21:00:00+00:00,5,-2.1,-0.4,11.1,183.0,0.0,68.0,-5.7,2023-11-18 21:00:00+00:00
2023-11-18 21:10:00+00:00,5,-2.0,,,,,,,2023-11-18 21:10:00+00:00
2023-11-18 21:20:00+00:00,5,-2.0,,,,,,,2023-11-18 21:20:00+00:00
2023-11-18 21:30:00+00:00,5,-2.0,,,,,,,2023-11-18 21:30:00+00:00
2023-11-18 21:40:00+00:00,5,-1.8,,,,,,,2023-11-18 21:40:00+00:00
2023-11-18 21:50:00+00:00,5,-2.0,,,,,,,2023-11-18 21:50:00+00:00
2023-11-18 22:00:00+00:00,5,-1.9,-0.3,11.1,184.0,0.0,69.0,-5.3,2023-11-18 22:00:00+00:00
2023-11-18 22:10:00+00:00,5,-1.8,,,,,,,2023-11-18 22:10:00+00:00
2023-11-18 22:20:00+00:00,5,-1.8,,,,,,,2023-11-18 22:20:00+00:00
2023-11-18 22:30:00+00:00,5,-1.8,,,,,,,2023-11-18 22:30:00+00:00
2023-11-18 22:40:00+00:00,5,-1.9,,,,,,,2023-11-18 22:40:00+00:00
2023-11-18 22:50:00+00:00,5,-1.9,,,,,,,2023-11-18 22:50:00+00:00
2023-11-18 23:00:00+00:00,5,-2.0,-0.5,10.6,187.0,0.0,69.0,-5.3,2023-11-18 23:00:00+00:00
2023-11-18 23:10:00+00:00,5,-2.0,,,,,,,2023-11-18 23:10:00+00:00
2023-11-18 23:20:00+00:00,5,-2.0,,,,,,,2023-11-18 23:20:00+00:00
2023-11-18 23:30:00+00:00,5,-2.0,,,,,,,2023-11-18 23:30:00+00:00
2023-11-18 23:40:00+00:00,5,-2.2,,,,,,,2023-11-18 23:40:00+00:00
2023-11-18 23:50:00+00:00,5,-2.2,,,,,,,2023-11-18 23:50:00+00:00
2023-11-19 00:00:00+00:00,5,-2.2,-0.9,9.7,187.0,0.0,70.0,-5.7,2023-11-19 00:00:00+00:00
2023-11-19 00:10:00+00:00,5,-2.2,,,,,,,2023-11-19 00:10:00+00:00
2023-11-19 00:20:00+00:00,5,-2.3,,,,,,,2023-11-19 00:20:00+00:00
2023-11-19 00:30:00+00:00,5,-2.3,,,,,,,2023-11-19 00:30:00+00:00
2023-11-19 00:40:00+00:00,5,-2.3,,,,,,,2023-11-19 00:40:00+00:00
2023-11-19 00:50:00+00:00,5,-2.2,,,,,,,2023-11-19 00:50:00+00:00
2023-11-19 01:00:00+00:00,5,-2.2,-0.9,9.4,183.0,0.0,70.0,-5.7,2023-11-19 01:00:00+00:00
2023-11-19 01:10:00+00:00,5,-2.2,,,,,,,2023-11-19 01:10:00+00:00
2023-11-19 01:20:00+00:00,5,-2.1,,,,,,,2023-11-19 01:20:00+00:00
2023-11-19 01:30:00+00:00,5,-2.2,,,,,,,2023-11-19 01:30:00+00:00
2023-11-19 01:40:00+00:00,5,-2.1,,,,,,,2023-11-19 01:40:00+00:00
2023-11-19 01:50:00+00:00,5,-2.1,,,,,,,2023-11-19 01:50:00+00:00
2023-11-19 02:00:00+00:00,5,-2.2,-0.9,10.3,176.0,0.0,69.0,-6.0,2023-11-19 02:00:00+00:00
2023-11-19 02:10:00+00:00,5,-2.1,,,,,,,2023-11-19 02:10:00+00:00
2023-11-19 02:20:00+00:00,5,-2.2,,,,,,,2023-11-19 02:20:00+00:00
2023-11-19 02:30:00+00:00,5,-2.3,,,,,,,2023-11-19 02:30:00+00:00
2023-11-19 02:40:00+00:00,5,-2.3,,,,,,,2023-11-19 02:40:00+00:00
2023-11-19 02:50:00+00:00,4,-2.3,,,,,,,2023-11-19 02:50:00+00:00
2023-11-19 03:00:00+00:00,5,-2.2,-1.0,8.4,184.0,0.0,70.0,-5.7,2023-11-19 03:00:00+00:00
2023-11-19 03:10:00+00:00,5,-2.1,,,,,,,2023-11-19 03:10:00+00:00
2023-11-19 03:20:00+00:00,4,-2.2,,,,,,,2023-11-19 03:20:00+00:00
2023-11-19 03:30:00+00:00,5,-2.3,,,,,,,2023-11-19 03:30:00+00:00
2023-11-19 03:40:00+00:00,5,-2.2,,,,,,,2023-11-19 03:40:00+00:00
2023-11-19 03:50:00+00:00,4,-2.3,,,,,,,2023-11-19 03:50:00+00:00
2023-11-19 04:00:00+00:00,4,-2.5,-1.2,8.0,183.0,0.0,70.0,-6.0,2023-11-19 04:00:00+00:00
2023-11-19 04:10:00+00:00,4,-2.6,,,,,,,2023-11-19 04:10:00+00:00
2023-11-19 04:20:00+00:00,4,-2.7,,,,,,,2023-11-19 04:20:00+00:00
2023-11-19 04:30:00+00:00,4,-2.9,,,,,,,2023-11-19 04:30:00+00:00
2023-11-19 04:40:00+00:00,5,-2.9,,,,,,,2023-11-19 04:40:00+00:00
2023-11-19 04:50:00+00:00,4,-2.9,,,,,,,2023-11-19 04:50:00+00:00
2023-11-19 05:00:00+00:00,5,-2.9,-1.6,8.5,184.0,0.0,70.0,-6.3,2023-11-19 05:00:00+00:00
2023-11-19 05:10:00+00:00,5,-2.8,,,,,,,2023-11-19 05:10:00+00:00
2023-11-19 05:20:00+00:00,4,-2.8,,,,,,,2023-11-19 05:20:00+00:00
2023-11-19 05:30:00+00:00,5,-2.8,,,,,,,2023-11-19 05:30:00+00:00
2023-11-19 05:40:00+00:00,4,-2.8,,,,,,,2023-11-19 05:40:00+00:00
2023-11-19 05:50:00+00:00,5,-2.9,,,,,,,2023-11-19 05:50:00+00:00
2023-11-19 06:00:00+00:00,5,-3.0,-1.8,8.8,195.0,0.0,69.0,-6.7,2023-11-19 06:00:00+00:00
2023-11-19 06:10:00+00:00,4,-2.9,,,,,,,2023-11-19 06:10:00+00:00
2023-11-19 06:20:00+00:00,4,-2.9,,,,,,,2023-11-19 06:20:00+00:00
2023-11-19 06:30:00+00:00,5,-3.1,,,,,,,2023-11-19 06:30:00+00:00
2023-11-19 06:40:00+00:00,4,-3.1,,,,,,,2023-11-19 06:40:00+00:00
2023-11-19 06:50:00+00:00,5,-3.1,,,,,,,2023-11-19 06:50:00+00:00
2023-11-19 07:00:00+00:00,4,-3.0,-2.0,7.6,189.0,0.0,72.0,-6.3,2023-11-19 07:00:00+00:00
2023-11-19 07:10:00+00:00,4,-2.9,,,,,,,2023-11-19 07:10:00+00:00
2023-11-19 07:20:00+00:00,4,-2.9,,,,,,,2023-11-19 07:20:00+00:00
2023-11-19 07:30:00+00:00,5,-2.8,,,,,,,2023-11-19 07:30:00+00:00
2023-11-19 07:40:00+00:00,4,-2.8,,,,,,,2023-11-19 07:40:00+00:00
2023-11-19 07:50:00+00:00,4,-2.7,,,,,,,2023-11-19 07:50:00+00:00
2023-11-19 08:00:00+00:00,4,-2.8,-1.9,7.9,185.0,0.0,69.0,-6.7,2023-11-19 08:00:00+00:00
2023-11-19 08:10:00+00:00,4,-2.8,,,,,,,2023-11-19 08:10:00+00:00
2023-11-19 08:20:00+00:00,4,-2.7,,,,,,,2023-11-19 08:20:00+00:00
2023-11-19 08:30:00+00:00,4,-2.6,,,,,,,2023-11-19 08:30:00+00:00
2023-11-19 08:40:00+00:00,4,-2.5,,,,,,,2023-11-19 08:40:00+00:00
2023-11-19 08:50:00+00:00,4,-2.6,,,,,,,2023-11-19 08:50:00+00:00
2023-11-19 09:00:00+00:00,4,-2.6,-1.8,7.4,176.0,0.0,72.0,-6.0,2023-11-19 09:00:00+00:00
2023-11-19 09:10:00+00:00,4,-2.6,,,,,,,2023-11-19 09:10:00+00:00
2023-11-19 09:20:00+00:00,4,-2.5,,,,,,,2023-11-19 09:20:00+00:00
2023-11-19 09:30:00+00:00,4,-2.4,,,,,,,2023-11-19 09:30:00+00:00
2023-11-19 09:40:00+00:00,4,-2.4,,,,,,,2023-11-19 09:40:00+00:00
2023-11-19 09:50:00+00:00,4,-2.3,,,,,,,2023-11-19 09:50:00+00:00
2023-11-19 10:00:00+00:00,4,-2.3,-1.6,8.1,168.0,0.0,72.0,-6.0,2023-11-19 10:00:00+00:00
2023-11-19 10:10:00+00:00,4,-2.4,,,,,,,2023-11-19 10:10:00+00:00
2023-11-19 10:20:00+00:00,4,-2.3,,,,,,,2023-11-19 10:20:00+00:00
2023-11-19 10:30:00+00:00,4,-2.2,,,,,,,2023-11-19 10:30:00+00:00
2023-11-19 10:40:00+00:00,4,-2.2,,,,,,,2023-11-19 10:40:00+00:00
2023-11-19 10:50:00+00:00,4,-2.1,,,,,,,2023-11-19 10:50:00+00:00
2023-11-19 11:00:00+00:00,4,-2.0,-1.4,6.8,159.0,0.0,73.0,-5.7,2023-11-19 11:00:00+00:00
2023-11-19 11:10:00+00:00,4,-1.9,,,,,,,2023-11-19 11:10:00+00:00
2023-11-19 11:20:00+00:00,4,-1.9,,,,,,,2023-11-19 11:20:00+00:00
2023-11-19 11:30:00+00:00,4,-1.7,,,,,,,2023-11-19 11:30:00+00:00
2023-11-19 11:40:00+00:00,4,-1.6,,,,,,,2023-11-19 11:40:00+00:00
2023-11-19 11:50:00+00:00,4,-1.7,,,,,,,2023-11-19 11:50:00+00:00
2023-11-19 12:00:00+00:00,4,-1.7,-0.8,8.3,150.0,0.0,69.0,-5.7,2023-11-19 12:00:00+00:00
2023-11-19 12:10:00+00:00,4,-1.6,,,,,,,2023-11-19 12:10:00+00:00
2023-11-19 12:20:00+00:00,4,-1.5,,,,,,,2023-11-19 12:20:00+00:00
2023-11-19 12:30:00+00:00,4,-1.4,,,,,,,2023-11-19 12:30:00+00:00
2023-11-19 12:40:00+00:00,4,-1.5,,,,,,,2023-11-19 12:40:00+00:00
2023-11-19 12:50:00+00:00,4,-1.4,,,,,,,2023-11-19 12:50:00+00:00
2023-11-19 13:00:00+00:00,4,-1.4,-0.3,7.3,146.0,0.0,67.0,-5.7,2023-11-19 13:00:00+00:00
2023-11-19 13:10:00+00:00,4,-1.4,,,,,,,2023-11-19 13:10:00+00:00
2023-11-19 13:20:00+00:00,4,-1.4,,,,,,,2023-11-19 13:20:00+00:00
2023-11-19 13:30:00+00:00,4,-1.4,,,,,,,2023-11-19 13:30:00+00:00
2023-11-19 13:40:00+00:00,4,-1.4,,,,,,,2023-11-19 13:40:00+00:00
2023-11-19 13:50:00+00:00,4,-1.3,,,,,,,2023-11-19 13:50:00+00:00
2023-11-19 14:00:00+00:00,4,-1.3,0.0,9.2,147.0,0.0,67.0,-5.3,2023-11-19 14:00:00+00:00
2023-11-19 14:10:00+00:00,4,-1.3,,,,,,,2023-11-19 14:10:00+00:00
2023-11-19 14:20:00+00:00,4,-1.3,,,,,,,2023-11-19 14:20:00+00:00
2023-11-19 14:30:00+00:00,4,-1.3,,,,,,,2023-11-19 14:30:00+00:00
2023-11-19 14:40:00+00:00,4,-1.3,,,,,,,2023-11-19 14:40:00+00:00
2023-11-19 14:50:00+00:00,4,-1.3,,,,,,,2023-11-19 14:50:00+00:00
2023-11-19 15:00:00+00:00,4,-1.3,-0.1,8.8,149.0,0.0,70.0,-4.7,2023-11-19 15:00:00+00:00
2023-11-19 15:10:00+00:00,4,-1.3,,,,,,,2023-11-19 15:10:00+00:00
2023-11-19 15:20:00+00:00,4,-1.3,,,,,,,2023-11-19 15:20:00+00:00
2023-11-19 15:30:00+00:00,4,-1.3,,,,,,,2023-11-19 15:30:00+00:00
2023-11-19 15:40:00+00:00,4,-1.2,,,,,,,2023-11-19 15:40:00+00:00
2023-11-19 15:50:00+00:00,4,-1.3,,,,,,,2023-11-19 15:50:00+00:00
2023-11-19 16:00:00+00:00,4,-1.1,0.1,10.6,151.0,0.0,69.0,-4.7,2023-11-19 16:00:00+00:00
2023-11-19 16:10:00+00:00,4,-1.1,,,,,,,2023-11-19 16:10:00+00:00
2023-11-19 16:20:00+00:00,4,-1.2,,,,,,,2023-11-19 16:20:00+00:00
2023-11-19 16:30:00+00:00,4,-1.0,,,,,,,2023-11-19 16:30:00+00:00
2023-11-19 16:40:00+00:00,4,-1.0,,,,,,,2023-11-19 16:40:00+00:00
2023-11-19 16:50:00+00:00,4,-1.0,,,,,,,2023-11-19 16:50:00+00:00
2023-11-19 17:00:00+00:00,4,-1.0,0.5,11.2,153.0,0.0,67.0,-5.0,2023-11-19 17:00:00+00:00
2023-11-19 17:10:00+00:00,4,-1.0,,,,,,,2023-11-19 17:10:00+00:00
2023-11-19 17:20:00+00:00,4,-1.1,,,,,,,2023-11-19 17:20:00+00:00
2023-11-19 17:30:00+00:00,4,-1.1,,,,,,,2023-11-19 17:30:00+00:00
2023-11-19 17:40:00+00:00,4,-1.1,,,,,,,2023-11-19 17:40:00+00:00
2023-11-19 17:50:00+00:00,4,-1.0,,,,,,,2023-11-19 17:50:00+00:00
2023-11-19 18:00:00+00:00,4,-1.0,0.3,10.5,141.0,0.0,69.0,-4.7,2023-11-19 18:00:00+00:00
2023-11-19 18:10:00+00:00,4,-1.0,,,,,,,2023-11-19 18:10:00+00:00
2023-11-19 18:20:00+00:00,4,-1.0,,,,,,,2023-11-19 18:20:00+00:00
2023-11-19 18:30:00+00:00,4,-1.0,,,,,,,2023-11-19 18:30:00+00:00
2023-11-19 18:40:00+00:00,4,-0.7,,,,,,,2023-11-19 18:40:00+00:00
2023-11-19 18:50:00+00:00,4,-0.9,,,,,,,2023-11-19 18:50:00+00:00
2023-11-19 19:00:00+00:00,4,-1.0,0.4,9.1,150.0,0.0,70.0,-4.4,2023-11-19 19:00:00+00:00
2023-11-19 19:10:00+00:00,4,-0.9,,,,,,,2023-11-19 19:10:00+00:00
2023-11-19 19:20:00+00:00,4,-0.8,,,,,,,2023-11-19 19:20:00+00:00
2023-11-19 19:30:00+00:00,4,-0.8,,,,,,,2023-11-19 19:30:00+00:00
2023-11-19 19:40:00+00:00,4,-0.8,,,,,,,2023-11-19 19:40:00+00:00
2023-11-19 19:50:00+00:00,4,-0.8,,,,,,,2023-11-19 19:50:00+00:00
2023-11-19 20:00:00+00:00,4,-0.9,0.5,7.1,152.0,0.0,68.0,-4.7,2023-11-19 20:00:00+00:00
2023-11-19 20:10:00+00:00,4,-0.8,,,,,,,2023-11-19 20:10:00+00:00
2023-11-19 20:20:00+00:00,4,-0.8,,,,,,,2023-11-19 20:20:00+00:00
2023-11-19 20:30:00+00:00,4,-0.9,,,,,,,2023-11-19 20:30:00+00:00
2023-11-19 20:40:00+00:00,4,-0.9,,,,,,,2023-11-19 20:40:00+00:00
2023-11-19 20:50:00+00:00,4,-0.9,,,,,,,2023-11-19 20:50:00+00:00
2023-11-19 21:00:00+00:00,4,-0.9,0.4,7.1,155.0,0.0,68.0,-4.7,2023-11-19 21:00:00+00:00
2023-11-19 21:10:00+00:00,4,-0.9,,,,,,,2023-11-19 21:10:00+00:00
2023-11-19 21:20:00+00:00,4,-0.9,,,,,,,2023-11-19 21:20:00+00:00
2023-11-19 21:30:00+00:00,4,-1.0,,,,,,,2023-11-19 21:30:00+00:00
2023-11-19 21:40:00+00:00,4,-1.0,,,,,,,2023-11-19 21:40:00+00:00
2023-11-19 21:50:00+00:00,4,-1.1,,,,,,,2023-11-19 21:50:00+00:00
2023-11-19 22:00:00+00:00,4,-1.1,0.2,6.7,153.0,0.0,70.0,-4.7,2023-11-19 22:00:00+00:00
2023-11-19 22:10:00+00:00,4,-1.0,,,,,,,2023-11-19 22:10:00+00:00
2023-11-19 22:20:00+00:00,4,-1.1,,,,,,,2023-11-19 22:20:00+00:00
2023-11-19 22:30:00+00:00,4,-1.0,,,,,,,2023-11-19 22:30:00+00:00
2023-11-19 22:40:00+00:00,4,-1.0,,,,,,,2023-11-19 22:40:00+00:00
2023-11-19 22:50:00+00:00,4,-0.9,,,,,,,2023-11-19 22:50:00+00:00
2023-11-19 23:00:00+00:00,4,-1.0,0.4,6.6,157.0,0.0,71.0,-4.1,2023-11-19 23:00:00+00:00
2023-11-19 23:10:00+00:00,4,-0.9,,,,,,,2023-11-19 23:10:00+00:00
2023-11-19 23:20:00+00:00,4,-1.0,,,,,,,2023-11-19 23:20:00+00:00
2023-11-19 23:30:00+00:00,4,-0.9,,,,,,,2023-11-19 23:30:00+00:00
2023-11-19 23:40:00+00:00,4,-0.8,,,,,,,2023-11-19 23:40:00+00:00
2023-11-19 23:50:00+00:00,4,-0.9,,,,,,,2023-11-19 23:50:00+00:00
2023-11-20 00:00:00+00:00,4,-0.8,0.5,7.0,146.0,0.0,70.0,-4.4,2023-11-20 00:00:00+00:00
2023-11-20 00:10:00+00:00,4,-0.9,,,,,,,2023-11-20 00:10:00+00:00
2023-11-20 00:20:00+00:00,4,-0.9,,,,,,,2023-11-20 00:20:00+00:00
2023-11-20 00:30:00+00:00,4,-0.8,,,,,,,2023-11-20 00:30:00+00:00
2023-11-20 00:40:00+00:00,4,-0.8,,,,,,,2023-11-20 00:40:00+00:00
2023-11-20 00:50:00+00:00,4,-0.8,,,,,,,2023-11-20 00:50:00+00:00
2023-11-20 01:00:00+00:00,4,-0.8,0.6,7.1,143.0,0.0,70.0,-4.1,2023-11-20 01:00:00+00:00
2023-11-20 01:10:00+00:00,4,-0.7,,,,,,,2023-11-20 01:10:00+00:00
2023-11-20 01:20:00+00:00,4,-0.8,,,,,,,2023-11-20 01:20:00+00:00
2023-11-20 01:30:00+00:00,4,-0.8,,,,,,,2023-11-20 01:30:00+00:00
2023-11-20 01:40:00+00:00,4,-0.8,,,,,,,2023-11-20 01:40:00+00:00
2023-11-20 01:50:00+00:00,4,-0.8,,,,,,,2023-11-20 01:50:00+00:00
2023-11-20 02:00:00+00:00,4,-0.8,0.5,7.0,147.0,0.0,70.0,-4.4,2023-11-20 02:00:00+00:00
2023-11-20 02:10:00+00:00,4,-0.8,,,,,,,2023-11-20 02:10:00+00:00
2023-11-20 02:20:00+00:00,4,-0.8,,,,,,,2023-11-20 02:20:00+00:00
2023-11-20 02:30:00+00:00,4,-0.8,,,,,,,2023-11-20 02:30:00+00:00
2023-11-20 02:40:00+00:00,4,-0.8,,,,,,,2023-11-20 02:40:00+00:00
2023-11-20 02:50:00+00:00,4,-0.9,,,,,,,2023-11-20 02:50:00+00:00
2023-11-20 03:00:00+00:00,4,-0.9,0.3,6.8,139.0,0.0,72.0,-4.1,2023-11-20 03:00:00+00:00
2023-11-20 03:10:00+00:00,4,-0.9,,,,,,,2023-11-20 03:10:00+00:00
2023-11-20 03:20:00+00:00,4,-1.0,,,,,,,2023-11-20 03:20:00+00:00
2023-11-20 03:30:00+00:00,4,-0.9,,,,,,,2023-11-20 03:30:00+00:00
2023-11-20 03:40:00+00:00,4,-1.0,,,,,,,2023-11-20 03:40:00+00:00
2023-11-20 03:50:00+00:00,4,-0.9,,,,,,,2023-11-20 03:50:00+00:00
2023-11-20 04:00:00+00:00,4,-0.9,0.4,6.6,152.0,0.0,71.0,-4.1,2023-11-20 04:00:00+00:00
2023-11-20 04:10:00+00:00,4,-0.9,,,,,,,2023-11-20 04:10:00+00:00
2023-11-20 04:20:00+00:00,4,-0.9,,,,,,,2023-11-20 04:20:00+00:00
2023-11-20 04:30:00+00:00,4,-1.0,,,,,,,2023-11-20 04:30:00+00:00
2023-11-20 04:40:00+00:00,4,-1.0,,,,,,,2023-11-20 04:40:00+00:00
2023-11-20 04:50:00+00:00,4,-1.1,,,,,,,2023-11-20 04:50:00+00:00
2023-11-20 05:00:00+00:00,4,-1.1,0.3,5.7,161.0,0.0,72.0,-4.1,2023-11-20 05:00:00+00:00
2023-11-20 05:10:00+00:00,4,-1.1,,,,,,,2023-11-20 05:10:00+00:00
2023-11-20 05:20:00+00:00,4,-1.1,,,,,,,2023-11-20 05:20:00+00:00
2023-11-20 05:30:00+00:00,4,-1.1,,,,,,,2023-11-20 05:30:00+00:00
2023-11-20 05:40:00+00:00,4,-1.2,,,,,,,2023-11-20 05:40:00+00:00
2023-11-20 05:50:00+00:00,4,-1.2,,,,,,,2023-11-20 05:50:00+00:00
2023-11-20 06:00:00+00:00,4,-1.1,0.2,6.0,157.0,0.0,73.0,-4.1,2023-11-20 06:00:00+00:00
2023-11-20 06:10:00+00:00,4,-1.0,,,,,,,2023-11-20 06:10:00+00:00
2023-11-20 06:20:00+00:00,4,-1.0,,,,,,,2023-11-20 06:20:00+00:00
2023-11-20 06:30:00+00:00,4,-1.0,,,,,,,2023-11-20 06:30:00+00:00
2023-11-20 06:40:00+00:00,4,-1.2,,,,,,,2023-11-20 06:40:00+00:00
2023-11-20 06:50:00+00:00,4,-1.4,,,,,,,2023-11-20 06:50:00+00:00
2023-11-20 07:00:00+00:00,4,-1.6,-0.1,5.8,156.0,0.0,74.0,-4.1,2023-11-20 07:00:00+00:00
2023-11-20 07:10:00+00:00,4,-1.7,,,,,,,2023-11-20 07:10:00+00:00
2023-11-20 07:20:00+00:00,4,-1.6,,,,,,,2023-11-20 07:20:00+00:00
2023-11-20 07:30:00+00:00,4,-1.6,,,,,,,2023-11-20 07:30:00+00:00
2023-11-20 07:40:00+00:00,4,-1.6,,,,,,,2023-11-20 07:40:00+00:00
2023-11-20 07:50:00+00:00,4,-1.8,,,,,,,2023-11-20 07:50:00+00:00
2023-11-20 08:00:00+00:00,4,-1.8,-0.1,5.5,133.0,0.0,75.0,-3.8,2023-11-20 08:00:00+00:00
2023-11-20 08:10:00+00:00,4,-1.5,,,,,,,2023-11-20 08:10:00+00:00
2023-11-20 08:20:00+00:00,4,-1.4,,,,,,,2023-11-20 08:20:00+00:00
2023-11-20 08:30:00+00:00,4,-1.5,,,,,,,2023-11-20 08:30:00+00:00
2023-11-20 08:40:00+00:00,4,-1.9,,,,,,,2023-11-20 08:40:00+00:00
2023-11-20 08:50:00+00:00,4,-2.3,,,,,,,2023-11-20 08:50:00+00:00
2023-11-20 09:00:00+00:00,4,-2.4,-0.1,4.7,137.0,0.0,75.0,-3.8,2023-11-20 09:00:00+00:00
2023-11-20 09:10:00+00:00,4,-2.5,,,,,,,2023-11-20 09:10:00+00:00
2023-11-20 09:20:00+00:00,4,-2.7,,,,,,,2023-11-20 09:20:00+00:00
2023-11-20 09:30:00+00:00,4,-2.3,,,,,,,2023-11-20 09:30:00+00:00
2023-11-20 09:40:00+00:00,4,-2.0,,,,,,,2023-11-20 09:40:00+00:00
2023-11-20 09:50:00+00:00,4,-1.8,,,,,,,2023-11-20 09:50:00+00:00
2023-11-20 10:00:00+00:00,4,-1.6,-0.1,4.7,111.0,0.0,75.0,-3.8,2023-11-20 10:00:00+00:00
2023-11-20 10:10:00+00:00,4,-1.1,,,,,,,2023-11-20 10:10:00+00:00
2023-11-20 10:20:00+00:00,4,-1.1,,,,,,,2023-11-20 10:20:00+00:00
2023-11-20 10:30:00+00:00,4,-0.8,,,,,,,2023-11-20 10:30:00+00:00
2023-11-20 10:40:00+00:00,4,-0.6,,,,,,,2023-11-20 10:40:00+00:00
2023-11-20 10:50:00+00:00,4,-0.2,,,,,,,2023-11-20 10:50:00+00:00
2023-11-20 11:00:00+00:00,4,0.0,0.6,4.1,124.0,0.0,73.0,-3.6,2023-11-20 11:00:00+00:00
2023-11-20 11:10:00+00:00,4,0.2,,,,,,,2023-11-20 11:10:00+00:00
2023-11-20 11:20:00+00:00,4,0.3,,,,,,,2023-11-20 11:20:00+00:00
2023-11-20 11:30:00+00:00,4,0.1,,,,,,,2023-11-20 11:30:00+00:00
2023-11-20 11:40:00+00:00,4,-0.3,,,,,,,2023-11-20 11:40:00+00:00
2023-11-20 11:50:00+00:00,4,-0.4,,,,,,,2023-11-20 11:50:00+00:00
2023-11-20 12:00:00+00:00,4,-0.6,0.7,3.0,150.0,0.0,72.0,-3.8,2023-11-20 12:00:00+00:00
2023-11-20 12:10:00+00:00,4,-0.6,,,,,,,2023-11-20 12:10:00+00:00
2023-11-20 12:20:00+00:00,4,-0.6,,,,,,,2023-11-20 12:20:00+00:00
2023-11-20 12:30:00+00:00,4,-0.5,,,,,,,2023-11-20 12:30:00+00:00
2023-11-20 12:40:00+00:00,4,-0.7,,,,,,,2023-11-20 12:40:00+00:00
2023-11-20 12:50:00+00:00,4,-0.6,,,,,,,2023-11-20 12:50:00+00:00
2023-11-20 13:00:00+00:00,4,-0.4,0.5,4.1,118.0,0.0,73.0,-3.8,2023-11-20 13:00:00+00:00
2023-11-20 13:10:00+00:00,4,-0.3,,,,,,,2023-11-20 13:10:00+00:00
2023-11-20 13:20:00+00:00,4,-0.5,,,,,,,2023-11-20 13:20:00+00:00
2023-11-20 13:30:00+00:00,4,-0.7,,,,,,,2023-11-20 13:30:00+00:00
2023-11-20 13:40:00+00:00,4,-1.2,,,,,,,2023-11-20 13:40:00+00:00
2023-11-20 13:50:00+00:00,4,-1.7,,,,,,,2023-11-20 13:50:00+00:00
2023-11-20 14:00:00+00:00,4,-1.4,0.3,3.2,138.0,0.0,73.0,-4.1,2023-11-20 14:00:00+00:00
2023-11-20 14:10:00+00:00,4,-1.6,,,,,,,2023-11-20 14:10:00+00:00
2023-11-20 14:20:00+00:00,4,-1.3,,,,,,,2023-11-20 14:20:00+00:00
2023-11-20 14:30:00+00:00,4,-1.1,,,,,,,2023-11-20 14:30:00+00:00
2023-11-20 14:40:00+00:00,4,-1.2,,,,,,,2023-11-20 14:40:00+00:00
2023-11-20 14:50:00+00:00,4,-1.4,,,,,,,2023-11-20 14:50:00+00:00
2023-11-20 15:00:00+00:00,4,-1.5,0.2,3.2,146.0,0.0,74.0,-3.8,2023-11-20 15:00:00+00:00
2023-11-20 15:10:00+00:00,4,-1.6,,,,,,,2023-11-20 15:10:00+00:00
2023-11-20 15:20:00+00:00,4,-1.9,,,,,,,2023-11-20 15:20:00+00:00
2023-11-20 15:30:00+00:00,4,-2.0,,,,,,,2023-11-20 15:30:00+00:00
2023-11-20 15:40:00+00:00,4,-2.4,,,,,,,2023-11-20 15:40:00+00:00
2023-11-20 15:50:00+00:00,4,-2.4,,,,,,,2023-11-20 15:50:00+00:00
2023-11-20 16:00:00+00:00,4,-2.0,0.1,2.1,144.0,0.0,74.0,-3.8,2023-11-20 16:00:00+00:00
2023-11-20 16:10:00+00:00,4,-1.6,,,,,,,2023-11-20 16:10:00+00:00
2023-11-20 16:20:00+00:00,4,-1.8,,,,,,,2023-11-20 16:20:00+00:00
2023-11-20 16:30:00+00:00,4,-2.1,,,,,,,2023-11-20 16:30:00+00:00
2023-11-20 16:40:00+00:00,4,-2.2,,,,,,,2023-11-20 16:40:00+00:00
2023-11-20 16:50:00+00:00,4,-2.3,,,,,,,2023-11-20 16:50:00+00:00
2023-11-20 17:00:00+00:00,4,-1.9,0.0,1.8,159.0,0.0,75.0,-3.8,2023-11-20 17:00:00+00:00
2023-11-20 17:10:00+00:00,4,-1.9,,,,,,,2023-11-20 17:10:00+00:00
2023-11-20 17:20:00+00:00,4,-1.7,,,,,,,2023-11-20 17:20:00+00:00
2023-11-20 17:30:00+00:00,4,-1.6,,,,,,,2023-11-20 17:30:00+00:00
2023-11-20 17:40:00+00:00,4,-1.6,,,,,,,2023-11-20 17:40:00+00:00
2023-11-20 17:50:00+00:00,4,-2.2,,,,,,,2023-11-20 17:50:00+00:00
2023-11-20 18:00:00+00:00,4,-2.2,-0.1,0.4,186.0,0.0,76.0,-3.8,2023-11-20 18:00:00+00:00
2023-11-20 18:10:00+00:00,3,-1.9,,,,,,,2023-11-20 18:10:00+00:00
2023-11-20 18:20:00+00:00,3,-1.6,,,,,,,2023-11-20 18:20:00+00:00
2023-11-20 18:30:00+00:00,3,-1.6,,,,,,,2023-11-20 18:30:00+00:00
2023-11-20 18:40:00+00:00,3,-1.6,,,,,,,2023-11-20 18:40:00+00:00
2023-11-20 18:50:00+00:00,3,-1.6,,,,,,,2023-11-20 18:50:00+00:00
2023-11-20 19:00:00+00:00,3,-1.7,-0.2,0.1,177.0,0.0,77.0,-3.8,2023-11-20 19:00:00+00:00
2023-11-20 19:10:00+00:00,3,-1.8,,,,,,,2023-11-20 19:10:00+00:00
2023-11-20 19:20:00+00:00,3,-1.6,,,,,,,2023-11-20 19:20:00+00:00
2023-11-20 19:30:00+00:00,3,-1.4,,,,,,,2023-11-20 19:30:00+00:00
2023-11-20 19:40:00+00:00,3,-1.5,,,,,,,2023-11-20 19:40:00+00:00
2023-11-20 19:50:00+00:00,3,-1.7,,,,,,,2023-11-20 19:50:00+00:00
2023-11-20 20:00:00+00:00,3,-1.8,-0.1,0.3,195.0,0.0,76.0,-3.8,2023-11-20 20:00:00+00:00
2023-11-20 20:10:00+00:00,3,-1.9,,,,,,,2023-11-20 20:10:00+00:00
2023-11-20 20:20:00+00:00,3,-2.2,,,,,,,2023-11-20 20:20:00+00:00
2023-11-20 20:30:00+00:00,3,-2.0,,,,,,,2023-11-20 20:30:00+00:00
2023-11-20 20:40:00+00:00,3,-2.0,,,,,,,2023-11-20 20:40:00+00:00
2023-11-20 20:50:00+00:00,3,-1.8,,,,,,,2023-11-20 20:50:00+00:00
2023-11-20 21:00:00+00:00,3,-1.7,0.1,1.3,198.0,0.0,76.0,-3.6,2023-11-20 21:00:00+00:00
2023-11-20 21:10:00+00:00,3,-1.6,,,,,,,2023-11-20 21:10:00+00:00
2023-11-20 21:20:00+00:00,4,-1.8,,,,,,,2023-11-20 21:20:00+00:00
2023-11-20 21:30:00+00:00,3,-1.9,,,,,,,2023-11-20 21:30:00+00:00
2023-11-20 21:40:00+00:00,3,-1.9,,,,,,,2023-11-20 21:40:00+00:00
2023-11-20 21:50:00+00:00,3,-1.9,,,,,,,2023-11-20 21:50:00+00:00
2023-11-20 22:00:00+00:00,3,-2.0,-0.4,0.2,299.0,0.0,78.0,-3.8,2023-11-20 22:00:00+00:00
2023-11-20 22:10:00+00:00,3,-2.0,,,,,,,2023-11-20 22:10:00+00:00
2023-11-20 22:20:00+00:00,3,-2.1,,,,,,,2023-11-20 22:20:00+00:00
2023-11-20 22:30:00+00:00,3,-1.8,,,,,,,2023-11-20 22:30:00+00:00
2023-11-20 22:40:00+00:00,3,-2.1,,,,,,,2023-11-20 22:40:00+00:00
2023-11-20 22:50:00+00:00,3,-2.0,,,,,,,2023-11-20 22:50:00+00:00
2023-11-20 23:00:00+00:00,3,-2.0,-0.6,0.4,173.0,0.0,81.0,-3.5,2023-11-20 23:00:00+00:00
2023-11-20 23:10:00+00:00,3,-1.8,,,,,,,2023-11-20 23:10:00+00:00
2023-11-20 23:20:00+00:00,3,-1.6,,,,,,,2023-11-20 23:20:00+00:00
2023-11-20 23:30:00+00:00,3,-1.6,,,,,,,2023-11-20 23:30:00+00:00
2023-11-20 23:40:00+00:00,3,-1.6,,,,,,,2023-11-20 23:40:00+00:00
2023-11-20 23:50:00+00:00,3,-1.4,,,,,,,2023-11-20 23:50:00+00:00
2023-11-21 00:00:00+00:00,3,-1.4,0.1,1.0,210.0,0.0,77.0,-3.3,2023-11-21 00:00:00+00:00
2023-11-21 00:10:00+00:00,3,-1.6,,,,,,,2023-11-21 00:10:00+00:00
2023-11-21 00:20:00+00:00,3,-1.5,,,,,,,2023-11-21 00:20:00+00:00
2023-11-21 00:30:00+00:00,3,-1.6,,,,,,,2023-11-21 00:30:00+00:00
2023-11-21 00:40:00+00:00,3,-1.5,,,,,,,2023-11-21 00:40:00+00:00
2023-11-21 00:50:00+00:00,3,-1.5,,,,,,,2023-11-21 00:50:00+00:00
2023-11-21 01:00:00+00:00,3,-1.7,-0.1,1.2,213.0,0.0,79.0,-3.3,2023-11-21 01:00:00+00:00
2023-11-21 01:10:00+00:00,3,-1.9,,,,,,,2023-11-21 01:10:00+00:00
2023-11-21 01:20:00+00:00,3,-1.8,,,,,,,2023-11-21 01:20:00+00:00
2023-11-21 01:30:00+00:00,3,-2.0,,,,,,,2023-11-21 01:30:00+00:00
2023-11-21 01:40:00+00:00,3,-1.8,,,,,,,2023-11-21 01:40:00+00:00
2023-11-21 01:50:00+00:00,3,-1.8,,,,,,,2023-11-21 01:50:00+00:00
2023-11-21 02:00:00+00:00,3,-2.1,-0.7,0.1,153.0,0.0,82.0,-3.3,2023-11-21 02:00:00+00:00
2023-11-21 02:10:00+00:00,3,-2.2,,,,,,,2023-11-21 02:10:00+00:00
2023-11-21 02:20:00+00:00,3,-2.4,,,,,,,2023-11-21 02:20:00+00:00
2023-11-21 02:30:00+00:00,3,-2.6,,,,,,,2023-11-21 02:30:00+00:00
2023-11-21 02:40:00+00:00,3,-2.7,,,,,,,2023-11-21 02:40:00+00:00
2023-11-21 02:50:00+00:00,4,-3.2,,,,,,,2023-11-21 02:50:00+00:00
2023-11-21 03:00:00+00:00,4,-3.1,-0.7,1.1,197.0,0.0,80.0,-3.8,2023-11-21 03:00:00+00:00
2023-11-21 03:10:00+00:00,4,-3.1,,,,,,,2023-11-21 03:10:00+00:00
2023-11-21 03:20:00+00:00,4,-3.7,,,,,,,2023-11-21 03:20:00+00:00
2023-11-21 03:30:00+00:00,4,-3.7,,,,,,,2023-11-21 03:30:00+00:00
2023-11-21 03:40:00+00:00,4,-5.5,,,,,,,2023-11-21 03:40:00+00:00
2023-11-21 03:50:00+00:00,4,-6.2,,,,,,,2023-11-21 03:50:00+00:00
2023-11-21 04:00:00+00:00,4,-6.1,-1.7,1.3,195.0,0.0,82.0,-4.4,2023-11-21 04:00:00+00:00
2023-11-21 04:10:00+00:00,4,-6.2,,,,,,,2023-11-21 04:10:00+00:00
2023-11-21 04:20:00+00:00,4,-6.2,,,,,,,2023-11-21 04:20:00+00:00
2023-11-21 04:30:00+00:00,4,-5.9,,,,,,,2023-11-21 04:30:00+00:00
2023-11-21 04:40:00+00:00,4,-5.4,,,,,,,2023-11-21 04:40:00+00:00
2023-11-21 04:50:00+00:00,4,-4.6,,,,,,,2023-11-21 04:50:00+00:00
2023-11-21 05:00:00+00:00,4,-4.1,-1.5,1.6,203.0,0.0,85.0,-3.5,2023-11-21 05:00:00+00:00
2023-11-21 05:10:00+00:00,4,-4.4,,,,,,,2023-11-21 05:10:00+00:00
2023-11-21 05:20:00+00:00,4,-5.4,,,,,,,2023-11-21 05:20:00+00:00
2023-11-21 05:30:00+00:00,4,-4.2,,,,,,,2023-11-21 05:30:00+00:00
2023-11-21 05:40:00+00:00,4,-4.9,,,,,,,2023-11-21 05:40:00+00:00
2023-11-21 05:50:00+00:00,4,-4.8,,,,,,,2023-11-21 05:50:00+00:00
2023-11-21 06:00:00+00:00,4,-4.6,-1.8,0.2,213.0,0.0,86.0,-3.8,2023-11-21 06:00:00+00:00
2023-11-21 06:10:00+00:00,4,-3.9,,,,,,,2023-11-21 06:10:00+00:00
2023-11-21 06:20:00+00:00,4,-3.6,,,,,,,2023-11-21 06:20:00+00:00
2023-11-21 06:30:00+00:00,4,-3.3,,,,,,,2023-11-21 06:30:00+00:00
2023-11-21 06:40:00+00:00,4,-3.6,,,,,,,2023-11-21 06:40:00+00:00
2023-11-21 06:50:00+00:00,4,-3.1,,,,,,,2023-11-21 06:50:00+00:00
2023-11-21 07:00:00+00:00,4,-2.6,-0.8,0.5,152.0,0.0,85.0,-3.0,2023-11-21 07:00:00+00:00
2023-11-21 07:10:00+00:00,4,-3.1,,,,,,,2023-11-21 07:10:00+00:00
2023-11-21 07:20:00+00:00,4,-3.1,,,,,,,2023-11-21 07:20:00+00:00
2023-11-21 07:30:00+00:00,4,-3.5,,,,,,,2023-11-21 07:30:00+00:00
2023-11-21 07:40:00+00:00,4,-3.5,,,,,,,2023-11-21 07:40:00+00:00
2023-11-21 07:50:00+00:00,4,-3.8,,,,,,,2023-11-21 07:50:00+00:00
2023-11-21 08:00:00+00:00,4,-5.5,-1.8,1.0,203.0,0.0,86.0,-3.8,2023-11-21 08:00:00+00:00
2023-11-21 08:10:00+00:00,4,-5.6,,,,,,,2023-11-21 08:10:00+00:00
2023-11-21 08:20:00+00:00,4,-5.8,,,,,,,2023-11-21 08:20:00+00:00
2023-11-21 08:30:00+00:00,4,-5.8,,,,,,,2023-11-21 08:30:00+00:00
2023-11-21 08:40:00+00:00,4,-6.3,,,,,,,2023-11-21 08:40:00+00:00
2023-11-21 08:50:00+00:00,4,-6.5,,,,,,,2023-11-21 08:50:00+00:00
2023-11-21 09:00:00+00:00,4,-6.2,-1.1,1.0,177.0,0.0,81.0,-4.1,2023-11-21 09:00:00+00:00
2023-11-21 09:10:00+00:00,4,-5.3,,,,,,,2023-11-21 09:10:00+00:00
2023-11-21 09:20:00+00:00,4,-3.3,,,,,,,2023-11-21 09:20:00+00:00
2023-11-21 09:30:00+00:00,4,-3.1,,,,,,,2023-11-21 09:30:00+00:00
2023-11-21 09:40:00+00:00,4,-2.4,,,,,,,2023-11-21 09:40:00+00:00
2023-11-21 09:50:00+00:00,4,-2.1,,,,,,,2023-11-21 09:50:00+00:00
2023-11-21 10:00:00+00:00,4,-3.1,-0.8,0.1,315.0,0.0,81.0,-3.5,2023-11-21 10:00:00+00:00
2023-11-21 10:10:00+00:00,4,-3.2,,,,,,,2023-11-21 10:10:00+00:00
2023-11-21 10:20:00+00:00,4,-2.4,,,,,,,2023-11-21 10:20:00+00:00
2023-11-21 10:30:00+00:00,4,-1.5,,,,,,,2023-11-21 10:30:00+00:00
2023-11-21 10:40:00+00:00,3,-0.6,,,,,,,2023-11-21 10:40:00+00:00
2023-11-21 10:50:00+00:00,4,-0.5,,,,,,,2023-11-21 10:50:00+00:00
2023-11-21 11:00:00+00:00,3,-0.3,0.0,0.1,155.0,0.0,81.0,-3.0,2023-11-21 11:00:00+00:00
2023-11-21 11:10:00+00:00,4,-0.1,,,,,,,2023-11-21 11:10:00+00:00
2023-11-21 11:20:00+00:00,3,0.0,,,,,,,2023-11-21 11:20:00+00:00
2023-11-21 11:30:00+00:00,4,0.2,,,,,,,2023-11-21 11:30:00+00:00
2023-11-21 11:40:00+00:00,3,0.3,,,,,,,2023-11-21 11:40:00+00:00
2023-11-21 11:50:00+00:00,3,0.3,,,,,,,2023-11-21 11:50:00+00:00
2023-11-21 12:00:00+00:00,3,0.7,0.4,0.8,124.0,0.0,79.0,-2.7,2023-11-21 12:00:00+00:00
2023-11-21 12:10:00+00:00,3,0.3,,,,,,,2023-11-21 12:10:00+00:00
2023-11-21 12:20:00+00:00,3,-0.3,,,,,,,2023-11-21 12:20:00+00:00
2023-11-21 12:30:00+00:00,3,-0.1,,,,,,,2023-11-21 12:30:00+00:00
2023-11-21 12:40:00+00:00,3,0.2,,,,,,,2023-11-21 12:40:00+00:00
2023-11-21 12:50:00+00:00,3,0.5,,,,,,,2023-11-21 12:50:00+00:00
2023-11-21 13:00:00+00:00,3,-0.6,0.4,0.9,142.0,0.0,79.0,-2.7,2023-11-21 13:00:00+00:00
2023-11-21 13:10:00+00:00,3,-2.5,,,,,,,2023-11-21 13:10:00+00:00
2023-11-21 13:20:00+00:00,3,-1.9,,,,,,,2023-11-21 13:20:00+00:00
2023-11-21 13:30:00+00:00,3,-1.4,,,,,,,2023-11-21 13:30:00+00:00
2023-11-21 13:40:00+00:00,3,-1.0,,,,,,,2023-11-21 13:40:00+00:00
2023-11-21 13:50:00+00:00,3,-1.0,,,,,,,2023-11-21 13:50:00+00:00
2023-11-21 14:00:00+00:00,3,-1.5,-0.2,0.7,154.0,0.0,80.0,-3.3,2023-11-21 14:00:00+00:00
2023-11-21 14:10:00+00:00,3,-2.1,,,,,,,2023-11-21 14:10:00+00:00
2023-11-21 14:20:00+00:00,3,-2.4,,,,,,,2023-11-21 14:20:00+00:00
2023-11-21 14:30:00+00:00,3,-2.0,,,,,,,2023-11-21 14:30:00+00:00
2023-11-21 14:40:00+00:00,3,-1.8,,,,,,,2023-11-21 14:40:00+00:00
2023-11-21 14:50:00+00:00,4,-2.0,,,,,,,2023-11-21 14:50:00+00:00
2023-11-21 15:00:00+00:00,3,-2.0,-0.7,0.6,203.0,0.0,78.0,-4.1,2023-11-21 15:00:00+00:00
2023-11-21 15:10:00+00:00,4,-2.3,,,,,,,2023-11-21 15:10:00+00:00
2023-11-21 15:20:00+00:00,4,-2.0,,,,,,,2023-11-21 15:20:00+00:00
2023-11-21 15:30:00+00:00,4,-2.3,,,,,,,2023-11-21 15:30:00+00:00
2023-11-21 15:40:00+00:00,4,-2.0,,,,,,,2023-11-21 15:40:00+00:00
2023-11-21 15:50:00+00:00,4,-2.0,,,,,,,2023-11-21 15:50:00+00:00
2023-11-21 16:00:00+00:00,3,-2.7,-0.8,0.9,203.0,0.0,83.0,-3.3,2023-11-21 16:00:00+00:00
2023-11-21 16:10:00+00:00,4,-2.2,,,,,,,2023-11-21 16:10:00+00:00
2023-11-21 16:20:00+00:00,4,-2.1,,,,,,,2023-11-21 16:20:00+00:00
2023-11-21 16:30:00+00:00,4,-2.1,,,,,,,2023-11-21 16:30:00+00:00
2023-11-21 16:40:00+00:00,4,-2.5,,,,,,,2023-11-21 16:40:00+00:00
2023-11-21 16:50:00+00:00,4,-4.4,,,,,,,2023-11-21 16:50:00+00:00
2023-11-21 17:00:00+00:00,4,-4.5,-1.5,1.0,195.0,0.0,82.0,-4.1,2023-11-21 17:00:00+00:00
2023-11-21 17:10:00+00:00,4,-4.4,,,,,,,2023-11-21 17:10:00+00:00
2023-11-21 17:20:00+00:00,4,-3.0,,,,,,,2023-11-21 17:20:00+00:00
2023-11-21 17:30:00+00:00,4,-2.6,,,,,,,2023-11-21 17:30:00+00:00
2023-11-21 17:40:00+00:00,4,-2.5,,,,,,,2023-11-21 17:40:00+00:00
2023-11-21 17:50:00+00:00,4,-2.5,,,,,,,2023-11-21 17:50:00+00:00
2023-11-21 18:00:00+00:00,4,-2.3,-1.4,1.3,161.0,0.0,83.0,-3.8,2023-11-21 18:00:00+00:00
2023-11-21 18:10:00+00:00,4,-2.1,,,,,,,2023-11-21 18:10:00+00:00
2023-11-21 18:20:00+00:00,4,-2.1,,,,,,,2023-11-21 18:20:00+00:00
2023-11-21 18:30:00+00:00,4,-2.4,,,,,,,2023-11-21 18:30:00+00:00
2023-11-21 18:40:00+00:00,4,-2.3,,,,,,,2023-11-21 18:40:00+00:00
2023-11-21 18:50:00+00:00,4,-2.4,,,,,,,2023-11-21 18:50:00+00:00
2023-11-21 19:00:00+00:00,4,-2.0,-0.5,0.7,222.0,0.0,72.0,-5.0,2023-11-21 19:00:00+00:00
2023-11-21 19:10:00+00:00,4,-2.1,,,,,,,2023-11-21 19:10:00+00:00
2023-11-21 19:20:00+00:00,4,-2.4,,,,,,,2023-11-21 19:20:00+00:00
2023-11-21 19:30:00+00:00,4,-2.3,,,,,,,2023-11-21 19:30:00+00:00
2023-11-21 19:40:00+00:00,4,-2.1,,,,,,,2023-11-21 19:40:00+00:00
2023-11-21 19:50:00+00:00,3,-2.2,,,,,,,2023-11-21 19:50:00+00:00
2023-11-21 20:00:00+00:00,4,-2.1,-0.8,0.9,194.0,0.0,77.0,-4.1,2023-11-21 20:00:00+00:00
2023-11-21 20:10:00+00:00,4,-2.0,,,,,,,2023-11-21 20:10:00+00:00
2023-11-21 20:20:00+00:00,4,-2.0,,,,,,,2023-11-21 20:20:00+00:00
2023-11-21 20:30:00+00:00,4,-2.0,,,,,,,2023-11-21 20:30:00+00:00
2023-11-21 20:40:00+00:00,4,-1.8,,,,,,,2023-11-21 20:40:00+00:00
2023-11-21 20:50:00+00:00,4,-1.7,,,,,,,2023-11-21 20:50:00+00:00
2023-11-21 21:00:00+00:00,4,-1.5,-0.4,1.1,198.0,0.0,72.0,-5.0,2023-11-21 21:00:00+00:00
2023-11-21 21:10:00+00:00,4,-1.5,,,,,,,2023-11-21 21:10:00+00:00
2023-11-21 21:20:00+00:00,4,-1.5,,,,,,,2023-11-21 21:20:00+00:00
2023-11-21 21:30:00+00:00,4,-1.6,,,,,,,2023-11-21 21:30:00+00:00
2023-11-21 21:40:00+00:00,4,-1.5,,,,,,,2023-11-21 21:40:00+00:00
2023-11-21 21:50:00+00:00,4,-1.5,,,,,,,2023-11-21 21:50:00+00:00
2023-11-21 22:00:00+00:00,4,-1.4,-0.3,0.7,161.0,0.0,71.0,-4.7,2023-11-21 22:00:00+00:00
2023-11-21 22:10:00+00:00,4,-1.4,,,,,,,2023-11-21 22:10:00+00:00
2023-11-21 22:20:00+00:00,4,-1.3,,,,,,,2023-11-21 22:20:00+00:00
2023-11-21 22:30:00+00:00,4,-1.4,,,,,,,2023-11-21 22:30:00+00:00
2023-11-21 22:40:00+00:00,4,-1.4,,,,,,,2023-11-21 22:40:00+00:00
2023-11-21 22:50:00+00:00,4,-1.4,,,,,,,2023-11-21 22:50:00+00:00
2023-11-21 23:00:00+00:00,4,-1.5,-0.5,0.9,163.0,0.0,75.0,-4.4,2023-11-21 23:00:00+00:00
2023-11-21 23:10:00+00:00,4,-1.6,,,,,,,2023-11-21 23:10:00+00:00
2023-11-21 23:20:00+00:00,4,-1.4,,,,,,,2023-11-21 23:20:00+00:00
2023-11-21 23:30:00+00:00,4,-1.4,,,,,,,2023-11-21 23:30:00+00:00
2023-11-21 23:40:00+00:00,4,-1.5,,,,,,,2023-11-21 23:40:00+00:00
2023-11-21 23:50:00+00:00,3,-1.5,,,,,,,2023-11-21 23:50:00+00:00
2023-11-22 00:00:00+00:00,4,-1.4,-0.4,1.2,149.0,0.0,76.0,-4.1,2023-11-22 00:00:00+00:00
2023-11-22 00:10:00+00:00,4,-1.4,,,,,,,2023-11-22 00:10:00+00:00
2023-11-22 00:20:00+00:00,4,-1.5,,,,,,,2023-11-22 00:20:00+00:00
2023-11-22 00:30:00+00:00,4,-1.6,,,,,,,2023-11-22 00:30:00+00:00
2023-11-22 00:40:00+00:00,4,-1.4,,,,,,,2023-11-22 00:40:00+00:00
2023-11-22 00:50:00+00:00,4,-1.5,,,,,,,2023-11-22 00:50:00+00:00
2023-11-22 01:00:00+00:00,4,-1.5,-0.9,3.0,155.0,0.0,86.0,-3.0,2023-11-22 01:00:00+00:00
2023-11-22 01:10:00+00:00,4,-1.6,,,,,,,2023-11-22 01:10:00+00:00
2023-11-22 01:20:00+00:00,4,-1.5,,,,,,,2023-11-22 01:20:00+00:00
2023-11-22 01:30:00+00:00,4,-1.6,,,,,,,2023-11-22 01:30:00+00:00
2023-11-22 01:40:00+00:00,4,-1.6,,,,,,,2023-11-22 01:40:00+00:00
2023-11-22 01:50:00+00:00,4,-1.6,,,,,,,2023-11-22 01:50:00+00:00
2023-11-22 02:00:00+00:00,4,-1.6,-0.7,2.0,159.0,0.1,80.0,-3.8,2023-11-22 02:00:00+00:00
2023-11-22 02:10:00+00:00,4,-1.5,,,,,,,2023-11-22 02:10:00+00:00
2023-11-22 02:20:00+00:00,4,-1.5,,,,,,,2023-11-22 02:20:00+00:00
2023-11-22 02:30:00+00:00,4,-1.5,,,,,,,2023-11-22 02:30:00+00:00
2023-11-22 02:40:00+00:00,4,-1.6,,,,,,,2023-11-22 02:40:00+00:00
2023-11-22 02:50:00+00:00,4,-1.3,,,,,,,2023-11-22 02:50:00+00:00
2023-11-22 03:00:00+00:00,4,-1.4,-0.5,3.5,153.0,0.2,80.0,-3.5,2023-11-22 03:00:00+00:00
2023-11-22 03:10:00+00:00,4,-1.3,,,,,,,2023-11-22 03:10:00+00:00
2023-11-22 03:20:00+00:00,4,-1.2,,,,,,,2023-11-22 03:20:00+00:00
2023-11-22 03:30:00+00:00,4,-1.3,,,,,,,2023-11-22 03:30:00+00:00
2023-11-22 03:40:00+00:00,4,-1.1,,,,,,,2023-11-22 03:40:00+00:00
2023-11-22 03:50:00+00:00,5,-1.0,,,,,,,2023-11-22 03:50:00+00:00
2023-11-22 04:00:00+00:00,5,-0.9,-0.6,3.1,159.0,1.0,94.0,-1.4,2023-11-22 04:00:00+00:00
2023-11-22 04:10:00+00:00,5,-0.8,,,,,,,2023-11-22 04:10:00+00:00
2023-11-22 04:20:00+00:00,6,-0.7,,,,,,,2023-11-22 04:20:00+00:00
2023-11-22 04:30:00+00:00,6,-0.6,,,,,,,2023-11-22 04:30:00+00:00
2023-11-22 04:40:00+00:00,6,-0.6,,,,,,,2023-11-22 04:40:00+00:00
2023-11-22 04:50:00+00:00,7,-0.6,,,,,,,2023-11-22 04:50:00+00:00
2023-11-22 05:00:00+00:00,7,-0.6,-0.4,2.6,168.0,2.6,96.0,-0.9,2023-11-22 05:00:00+00:00
2023-11-22 05:10:00+00:00,7,-0.5,,,,,,,2023-11-22 05:10:00+00:00
2023-11-22 05:20:00+00:00,7,-0.5,,,,,,,2023-11-22 05:20:00+00:00
2023-11-22 05:30:00+00:00,7,-0.5,,,,,,,2023-11-22 05:30:00+00:00
2023-11-22 05:40:00+00:00,7,-0.4,,,,,,,2023-11-22 05:40:00+00:00
2023-11-22 05:50:00+00:00,7,-0.4,,,,,,,2023-11-22 05:50:00+00:00
2023-11-22 06:00:00+00:00,8,-0.3,-0.1,2.5,149.0,1.5,97.0,-0.5,2023-11-22 06:00:00+00:00
2023-11-22 06:10:00+00:00,9,-0.2,,,,,,,2023-11-22 06:10:00+00:00
2023-11-22 06:20:00+00:00,9,-0.2,,,,,,,2023-11-22 06:20:00+00:00
2023-11-22 06:30:00+00:00,9,-0.3,,,,,,,2023-11-22 06:30:00+00:00
2023-11-22 06:40:00+00:00,9,-0.2,,,,,,,2023-11-22 06:40:00+00:00
2023-11-22 06:50:00+00:00,10,-0.2,,,,,,,2023-11-22 06:50:00+00:00
2023-11-22 07:00:00+00:00,11,-0.3,-0.1,2.6,163.0,2.1,97.0,-0.5,2023-11-22 07:00:00+00:00
2023-11-22 07:10:00+00:00,11,-0.4,,,,,,,2023-11-22 07:10:00+00:00
2023-11-22 07:20:00+00:00,11,-0.4,,,,,,,2023-11-22 07:20:00+00:00
2023-11-22 07:30:00+00:00,11,-0.5,,,,,,,2023-11-22 07:30:00+00:00
2023-11-22 07:40:00+00:00,11,-0.4,,,,,,,2023-11-22 07:40:00+00:00
2023-11-22 07:50:00+00:00,11,-0.4,,,,,,,2023-11-22 07:50:00+00:00
2023-11-22 08:00:00+00:00,12,-0.4,-0.3,2.3,156.0,2.4,97.0,-0.7,2023-11-22 08:00:00+00:00
2023-11-22 08:10:00+00:00,12,-0.4,,,,,,,2023-11-22 08:10:00+00:00
2023-11-22 08:20:00+00:00,12,-0.3,,,,,,,2023-11-22 08:20:00+00:00
2023-11-22 08:30:00+00:00,12,-0.2,,,,,,,2023-11-22 08:30:00+00:00
2023-11-22 08:40:00+00:00,12,-0.1,,,,,,,2023-11-22 08:40:00+00:00
2023-11-22 08:50:00+00:00,13,-0.1,,,,,,,2023-11-22 08:50:00+00:00
2023-11-22 09:00:00+00:00,13,0.0,0.4,3.0,148.0,1.6,97.0,0.0,2023-11-22 09:00:00+00:00
2023-11-22 09:10:00+00:00,13,0.0,,,,,,,2023-11-22 09:10:00+00:00
2023-11-22 09:20:00+00:00,13,0.0,,,,,,,2023-11-22 09:20:00+00:00
2023-11-22 09:30:00+00:00,13,0.0,,,,,,,2023-11-22 09:30:00+00:00
2023-11-22 09:40:00+00:00,13,0.0,,,,,,,2023-11-22 09:40:00+00:00
2023-11-22 09:50:00+00:00,13,0.0,,,,,,,2023-11-22 09:50:00+00:00
2023-11-22 10:00:00+00:00,13,0.1,0.9,2.4,146.0,1.6,97.0,0.4,2023-11-22 10:00:00+00:00
2023-11-22 10:10:00+00:00,13,0.1,,,,,,,2023-11-22 10:10:00+00:00
2023-11-22 10:20:00+00:00,12,0.2,,,,,,,2023-11-22 10:20:00+00:00
2023-11-22 10:30:00+00:00,12,0.3,,,,,,,2023-11-22 10:30:00+00:00
2023-11-22 10:40:00+00:00,12,0.3,,,,,,,2023-11-22 10:40:00+00:00
2023-11-22 10:50:00+00:00,12,0.6,,,,,,,2023-11-22 10:50:00+00:00
2023-11-22 11:00:00+00:00,11,0.7,2.4,1.5,143.0,7.0,98.0,2.3,2023-11-22 11:00:00+00:00
2023-11-22 11:10:00+00:00,11,0.8,,,,,,,2023-11-22 11:10:00+00:00
2023-11-22 11:20:00+00:00,11,1.0,,,,,,,2023-11-22 11:20:00+00:00
2023-11-22 11:30:00+00:00,10,1.0,,,,,,,2023-11-22 11:30:00+00:00
2023-11-22 11:40:00+00:00,10,1.1,,,,,,,2023-11-22 11:40:00+00:00
2023-11-22 11:50:00+00:00,10,1.2,,,,,,,2023-11-22 11:50:00+00:00
2023-11-22 12:00:00+00:00,10,1.3,4.6,3.0,176.0,8.4,94.0,3.8,2023-11-22 12:00:00+00:00
2023-11-22 12:10:00+00:00,10,1.3,,,,,,,2023-11-22 12:10:00+00:00
2023-11-22 12:20:00+00:00,10,1.4,,,,,,,2023-11-22 12:20:00+00:00
2023-11-22 12:30:00+00:00,9,1.4,,,,,,,2023-11-22 12:30:00+00:00
2023-11-22 12:40:00+00:00,8,1.5,,,,,,,2023-11-22 12:40:00+00:00
2023-11-22 12:50:00+00:00,8,1.5,,,,,,,2023-11-22 12:50:00+00:00
2023-11-22 13:00:00+00:00,8,1.4,5.1,5.8,336.0,7.5,96.0,4.5,2023-11-22 13:00:00+00:00
2023-11-22 13:10:00+00:00,7,1.3,,,,,,,2023-11-22 13:10:00+00:00
2023-11-22 13:20:00+00:00,6,1.1,,,,,,,2023-11-22 13:20:00+00:00
2023-11-22 13:30:00+00:00,6,0.9,,,,,,,2023-11-22 13:30:00+00:00
2023-11-22 13:40:00+00:00,6,0.9,,,,,,,2023-11-22 13:40:00+00:00
2023-11-22 13:50:00+00:00,6,0.9,,,,,,,2023-11-22 13:50:00+00:00
2023-11-22 14:00:00+00:00,6,1.0,3.9,3.6,332.0,2.8,88.0,2.1,2023-11-22 14:00:00+00:00
2023-11-22 14:10:00+00:00,6,0.9,,,,,,,2023-11-22 14:10:00+00:00
2023-11-22 14:20:00+00:00,6,1.0,,,,,,,2023-11-22 14:20:00+00:00
2023-11-22 14:30:00+00:00,6,1.0,,,,,,,2023-11-22 14:30:00+00:00
2023-11-22 14:40:00+00:00,6,1.0,,,,,,,2023-11-22 14:40:00+00:00
2023-11-22 14:50:00+00:00,6,1.1,,,,,,,2023-11-22 14:50:00+00:00
2023-11-22 15:00:00+00:00,6,1.0,3.8,2.1,59.0,0.0,91.0,2.5,2023-11-22 15:00:00+00:00
2023-11-22 15:10:00+00:00,5,1.1,,,,,,,2023-11-22 15:10:00+00:00
2023-11-22 15:20:00+00:00,5,0.9,,,,,,,2023-11-22 15:20:00+00:00
2023-11-22 15:30:00+00:00,5,1.0,,,,,,,2023-11-22 15:30:00+00:00
2023-11-22 15:40:00+00:00,5,1.1,,,,,,,2023-11-22 15:40:00+00:00
2023-11-22 15:50:00+00:00,5,1.0,,,,,,,2023-11-22 15:50:00+00:00
2023-11-22 16:00:00+00:00,5,0.9,4.2,4.4,97.0,1.1,75.0,0.2,2023-11-22 16:00:00+00:00
2023-11-22 16:10:00+00:00,5,1.0,,,,,,,2023-11-22 16:10:00+00:00
2023-11-22 16:20:00+00:00,5,1.2,,,,,,,2023-11-22 16:20:00+00:00
2023-11-22 16:30:00+00:00,5,1.2,,,,,,,2023-11-22 16:30:00+00:00
2023-11-22 16:40:00+00:00,5,1.1,,,,,,,2023-11-22 16:40:00+00:00
2023-11-22 16:50:00+00:00,5,1.1,,,,,,,2023-11-22 16:50:00+00:00
2023-11-22 17:00:00+00:00,5,1.0,3.6,2.7,319.0,0.3,89.0,1.9,2023-11-22 17:00:00+00:00
2023-11-22 17:10:00+00:00,5,1.0,,,,,,,2023-11-22 17:10:00+00:00
2023-11-22 17:20:00+00:00,5,1.0,,,,,,,2023-11-22 17:20:00+00:00
2023-11-22 17:30:00+00:00,5,1.0,,,,,,,2023-11-22 17:30:00+00:00
2023-11-22 17:40:00+00:00,5,1.0,,,,,,,2023-11-22 17:40:00+00:00
2023-11-22 17:50:00+00:00,5,1.0,,,,,,,2023-11-22 17:50:00+00:00
2023-11-22 18:00:00+00:00,5,1.0,3.2,3.5,62.0,0.7,91.0,1.9,2023-11-22 18:00:00+00:00
2023-11-22 18:10:00+00:00,5,1.1,,,,,,,2023-11-22 18:10:00+00:00
2023-11-22 18:20:00+00:00,5,1.2,,,,,,,2023-11-22 18:20:00+00:00
2023-11-22 18:30:00+00:00,5,1.1,,,,,,,2023-11-22 18:30:00+00:00
2023-11-22 18:40:00+00:00,5,0.8,,,,,,,2023-11-22 18:40:00+00:00
2023-11-22 18:50:00+00:00,5,0.6,,,,,,,2023-11-22 18:50:00+00:00
2023-11-22 19:00:00+00:00,5,0.8,2.8,6.7,331.0,2.4,86.0,0.9,2023-11-22 19:00:00+00:00
2023-11-22 19:10:00+00:00,5,0.8,,,,,,,2023-11-22 19:10:00+00:00
2023-11-22 19:20:00+00:00,5,0.9,,,,,,,2023-11-22 19:20:00+00:00
2023-11-22 19:30:00+00:00,5,0.9,,,,,,,2023-11-22 19:30:00+00:00
2023-11-22 19:40:00+00:00,5,0.9,,,,,,,2023-11-22 19:40:00+00:00
2023-11-22 19:50:00+00:00,5,0.8,,,,,,,2023-11-22 19:50:00+00:00
2023-11-22 20:00:00+00:00,5,0.7,2.4,4.3,323.0,1.0,92.0,1.3,2023-11-22 20:00:00+00:00
2023-11-22 20:10:00+00:00,4,0.5,,,,,,,2023-11-22 20:10:00+00:00
2023-11-22 20:20:00+00:00,4,0.5,,,,,,,2023-11-22 20:20:00+00:00
2023-11-22 20:30:00+00:00,4,0.3,,,,,,,2023-11-22 20:30:00+00:00
2023-11-22 20:40:00+00:00,5,0.4,,,,,,,2023-11-22 20:40:00+00:00
2023-11-22 20:50:00+00:00,5,0.4,,,,,,,2023-11-22 20:50:00+00:00
2023-11-22 21:00:00+00:00,4,0.4,1.5,4.7,333.0,2.6,95.0,0.9,2023-11-22 21:00:00+00:00
2023-11-22 21:10:00+00:00,4,0.6,,,,,,,2023-11-22 21:10:00+00:00
2023-11-22 21:20:00+00:00,4,0.8,,,,,,,2023-11-22 21:20:00+00:00
2023-11-22 21:30:00+00:00,4,0.8,,,,,,,2023-11-22 21:30:00+00:00
2023-11-22 21:40:00+00:00,4,0.8,,,,,,,2023-11-22 21:40:00+00:00
2023-11-22 21:50:00+00:00,4,0.8,,,,,,,2023-11-22 21:50:00+00:00
2023-11-22 22:00:00+00:00,4,0.8,2.2,3.8,336.0,0.7,97.0,1.9,2023-11-22 22:00:00+00:00
2023-11-22 22:10:00+00:00,4,0.8,,,,,,,2023-11-22 22:10:00+00:00
2023-11-22 22:20:00+00:00,4,0.7,,,,,,,2023-11-22 22:20:00+00:00
2023-11-22 22:30:00+00:00,4,0.7,,,,,,,2023-11-22 22:30:00+00:00
2023-11-22 22:40:00+00:00,4,0.4,,,,,,,2023-11-22 22:40:00+00:00
2023-11-22 22:50:00+00:00,4,0.5,,,,,,,2023-11-22 22:50:00+00:00
2023-11-22 23:00:00+00:00,4,0.6,1.7,4.5,339.0,2.5,96.0,1.1,2023-11-22 23:00:00+00:00
2023-11-22 23:10:00+00:00,4,0.7,,,,,,,2023-11-22 23:10:00+00:00
2023-11-22 23:20:00+00:00,4,0.8,,,,,,,2023-11-22 23:20:00+00:00
2023-11-22 23:30:00+00:00,4,0.8,,,,,,,2023-11-22 23:30:00+00:00
2023-11-22 23:40:00+00:00,4,0.8,,,,,,,2023-11-22 23:40:00+00:00
2023-11-22 23:50:00+00:00,4,0.9,,,,,,,2023-11-22 23:50:00+00:00
2023-11-23 00:00:00+00:00,4,1.0,2.3,4.1,334.0,1.1,97.0,1.9,2023-11-23 00:00:00+00:00
2023-11-23 00:10:00+00:00,4,0.4,,,,,,,2023-11-23 00:10:00+00:00
2023-11-23 00:20:00+00:00,4,0.3,,,,,,,2023-11-23 00:20:00+00:00
2023-11-23 00:30:00+00:00,4,0.6,,,,,,,2023-11-23 00:30:00+00:00
2023-11-23 00:40:00+00:00,4,0.7,,,,,,,2023-11-23 00:40:00+00:00
2023-11-23 00:50:00+00:00,4,0.8,,,,,,,2023-11-23 00:50:00+00:00
2023-11-23 01:00:00+00:00,4,0.9,2.6,6.6,332.0,3.5,91.0,1.3,2023-11-23 01:00:00+00:00
2023-11-23 01:10:00+00:00,4,0.9,,,,,,,2023-11-23 01:10:00+00:00
2023-11-23 01:20:00+00:00,4,0.9,,,,,,,2023-11-23 01:20:00+00:00
2023-11-23 01:30:00+00:00,4,0.8,,,,,,,2023-11-23 01:30:00+00:00
2023-11-23 01:40:00+00:00,4,0.9,,,,,,,2023-11-23 01:40:00+00:00
2023-11-23 01:50:00+00:00,4,0.8,,,,,,,2023-11-23 01:50:00+00:00
2023-11-23 02:00:00+00:00,3,0.8,2.3,4.5,327.0,0.8,93.0,1.3,2023-11-23 02:00:00+00:00
2023-11-23 02:10:00+00:00,3,0.8,,,,,,,2023-11-23 02:10:00+00:00
2023-11-23 02:20:00+00:00,3,0.6,,,,,,,2023-11-23 02:20:00+00:00
2023-11-23 02:30:00+00:00,3,1.0,,,,,,,2023-11-23 02:30:00+00:00
2023-11-23 02:40:00+00:00,3,1.0,,,,,,,2023-11-23 02:40:00+00:00
2023-11-23 02:50:00+00:00,3,0.8,,,,,,,2023-11-23 02:50:00+00:00
2023-11-23 03:00:00+00:00,3,0.9,2.5,5.9,342.0,1.8,94.0,1.7,2023-11-23 03:00:00+00:00
2023-11-23 03:10:00+00:00,3,0.2,,,,,,,2023-11-23 03:10:00+00:00
2023-11-23 03:20:00+00:00,3,0.0,,,,,,,2023-11-23 03:20:00+00:00
2023-11-23 03:30:00+00:00,3,0.4,,,,,,,2023-11-23 03:30:00+00:00
2023-11-23 03:40:00+00:00,3,0.5,,,,,,,2023-11-23 03:40:00+00:00
2023-11-23 03:50:00+00:00,3,0.4,,,,,,,2023-11-23 03:50:00+00:00
2023-11-23 04:00:00+00:00,3,0.6,2.2,7.8,330.0,2.3,84.0,-0.2,2023-11-23 04:00:00+00:00
2023-11-23 04:10:00+00:00,3,0.6,,,,,,,2023-11-23 04:10:00+00:00
2023-11-23 04:20:00+00:00,3,0.8,,,,,,,2023-11-23 04:20:00+00:00
2023-11-23 04:30:00+00:00,3,0.7,,,,,,,2023-11-23 04:30:00+00:00
2023-11-23 04:40:00+00:00,3,0.8,,,,,,,2023-11-23 04:40:00+00:00
2023-11-23 04:50:00+00:00,3,0.8,,,,,,,2023-11-23 04:50:00+00:00
2023-11-23 05:00:00+00:00,3,0.6,2.2,8.1,332.0,0.1,86.0,0.2,2023-11-23 05:00:00+00:00
2023-11-23 05:10:00+00:00,3,0.5,,,,,,,2023-11-23 05:10:00+00:00
2023-11-23 05:20:00+00:00,3,0.7,,,,,,,2023-11-23 05:20:00+00:00
2023-11-23 05:30:00+00:00,3,0.6,,,,,,,2023-11-23 05:30:00+00:00
2023-11-23 05:40:00+00:00,3,0.3,,,,,,,2023-11-23 05:40:00+00:00
2023-11-23 05:50:00+00:00,4,0.0,,,,,,,2023-11-23 05:50:00+00:00
2023-11-23 06:00:00+00:00,4,0.0,0.9,9.1,336.0,2.9,94.0,0.0,2023-11-23 06:00:00+00:00
2023-11-23 06:10:00+00:00,4,0.2,,,,,,,2023-11-23 06:10:00+00:00
2023-11-23 06:20:00+00:00,4,0.2,,,,,,,2023-11-23 06:20:00+00:00
2023-11-23 06:30:00+00:00,4,0.2,,,,,,,2023-11-23 06:30:00+00:00
2023-11-23 06:40:00+00:00,4,0.3,,,,,,,2023-11-23 06:40:00+00:00
2023-11-23 06:50:00+00:00,4,0.2,,,,,,,2023-11-23 06:50:00+00:00
2023-11-23 07:00:00+00:00,4,0.1,0.9,5.5,334.0,0.6,92.0,-0.2,2023-11-23 07:00:00+00:00
2023-11-23 07:10:00+00:00,4,0.3,,,,,,,2023-11-23 07:10:00+00:00
2023-11-23 07:20:00+00:00,4,0.1,,,,,,,2023-11-23 07:20:00+00:00
2023-11-23 07:30:00+00:00,4,0.1,,,,,,,2023-11-23 07:30:00+00:00
2023-11-23 07:40:00+00:00,4,0.1,,,,,,,2023-11-23 07:40:00+00:00
2023-11-23 07:50:00+00:00,4,0.1,,,,,,,2023-11-23 07:50:00+00:00
2023-11-23 08:00:00+00:00,4,0.1,0.8,7.6,334.0,0.6,90.0,-0.5,2023-11-23 08:00:00+00:00
2023-11-23 08:10:00+00:00,4,0.2,,,,,,,2023-11-23 08:10:00+00:00
2023-11-23 08:20:00+00:00,4,0.2,,,,,,,2023-11-23 08:20:00+00:00
2023-11-23 08:30:00+00:00,4,0.1,,,,,,,2023-11-23 08:30:00+00:00
2023-11-23 08:40:00+00:00,4,0.2,,,,,,,2023-11-23 08:40:00+00:00
2023-11-23 08:50:00+00:00,4,0.0,,,,,,,2023-11-23 08:50:00+00:00
2023-11-23 09:00:00+00:00,4,0.1,0.8,9.0,340.0,0.2,89.0,-0.7,2023-11-23 09:00:00+00:00
2023-11-23 09:10:00+00:00,4,0.1,,,,,,,2023-11-23 09:10:00+00:00
2023-11-23 09:20:00+00:00,5,0.0,,,,,,,2023-11-23 09:20:00+00:00
2023-11-23 09:30:00+00:00,5,0.0,,,,,,,2023-11-23 09:30:00+00:00
2023-11-23 09:40:00+00:00,5,0.0,,,,,,,2023-11-23 09:40:00+00:00
2023-11-23 09:50:00+00:00,4,0.1,,,,,,,2023-11-23 09:50:00+00:00
2023-11-23 10:00:00+00:00,5,0.0,0.5,5.5,339.0,0.1,90.0,-0.9,2023-11-23 10:00:00+00:00
2023-11-23 10:10:00+00:00,5,0.0,,,,,,,2023-11-23 10:10:00+00:00
2023-11-23 10:20:00+00:00,5,-0.1,,,,,,,2023-11-23 10:20:00+00:00
2023-11-23 10:30:00+00:00,5,-0.1,,,,,,,2023-11-23 10:30:00+00:00
2023-11-23 10:40:00+00:00,5,0.1,,,,,,,2023-11-23 10:40:00+00:00
2023-11-23 10:50:00+00:00,5,0.1,,,,,,,2023-11-23 10:50:00+00:00
2023-11-23 11:00:00+00:00,5,0.1,0.8,5.5,331.0,0.2,84.0,-1.4,2023-11-23 11:00:00+00:00
2023-11-23 11:10:00+00:00,5,0.1,,,,,,,2023-11-23 11:10:00+00:00
2023-11-23 11:20:00+00:00,5,0.0,,,,,,,2023-11-23 11:20:00+00:00
2023-11-23 11:30:00+00:00,5,-0.2,,,,,,,2023-11-23 11:30:00+00:00
2023-11-23 11:40:00+00:00,5,-0.1,,,,,,,2023-11-23 11:40:00+00:00
2023-11-23 11:50:00+00:00,5,-0.1,,,,,,,2023-11-23 11:50:00+00:00
2023-11-23 12:00:00+00:00,5,-0.2,0.3,8.0,337.0,0.3,85.0,-1.9,2023-11-23 12:00:00+00:00
2023-11-23 12:10:00+00:00,5,-0.3,,,,,,,2023-11-23 12:10:00+00:00
2023-11-23 12:20:00+00:00,5,-0.7,,,,,,,2023-11-23 12:20:00+00:00
2023-11-23 12:30:00+00:00,5,-0.7,,,,,,,2023-11-23 12:30:00+00:00
2023-11-23 12:40:00+00:00,6,-0.4,,,,,,,2023-11-23 12:40:00+00:00
2023-11-23 12:50:00+00:00,6,-0.4,,,,,,,2023-11-23 12:50:00+00:00
2023-11-23 13:00:00+00:00,5,-0.5,-0.1,8.9,333.0,0.2,85.0,-2.2,2023-11-23 13:00:00+00:00
2023-11-23 13:10:00+00:00,5,-0.4,,,,,,,2023-11-23 13:10:00+00:00
2023-11-23 13:20:00+00:00,5,-0.3,,,,,,,2023-11-23 13:20:00+00:00
2023-11-23 13:30:00+00:00,6,-0.4,,,,,,,2023-11-23 13:30:00+00:00
2023-11-23 13:40:00+00:00,5,-0.8,,,,,,,2023-11-23 13:40:00+00:00
2023-11-23 13:50:00+00:00,5,-0.9,,,,,,,2023-11-23 13:50:00+00:00
2023-11-23 14:00:00+00:00,6,-1.1,-1.0,8.1,334.0,0.6,92.0,-2.2,2023-11-23 14:00:00+00:00
2023-11-23 14:10:00+00:00,6,-1.0,,,,,,,2023-11-23 14:10:00+00:00
2023-11-23 14:20:00+00:00,6,-1.1,,,,,,,2023-11-23 14:20:00+00:00
2023-11-23 14:30:00+00:00,6,-1.2,,,,,,,2023-11-23 14:30:00+00:00
2023-11-23 14:40:00+00:00,6,-1.4,,,,,,,2023-11-23 14:40:00+00:00
2023-11-23 14:50:00+00:00,7,-1.3,,,,,,,2023-11-23 14:50:00+00:00
2023-11-23 15:00:00+00:00,7,-1.4,-1.4,7.0,334.0,1.2,96.0,-1.9,2023-11-23 15:00:00+00:00
2023-11-23 15:10:00+00:00,7,-1.7,,,,,,,2023-11-23 15:10:00+00:00
2023-11-23 15:20:00+00:00,8,-1.5,,,,,,,2023-11-23 15:20:00+00:00
2023-11-23 15:30:00+00:00,7,-1.5,,,,,,,2023-11-23 15:30:00+00:00
2023-11-23 15:40:00+00:00,7,-2.0,,,,,,,2023-11-23 15:40:00+00:00
2023-11-23 15:50:00+00:00,7,-2.1,,,,,,,2023-11-23 15:50:00+00:00
2023-11-23 16:00:00+00:00,7,-2.0,-1.4,7.8,334.0,0.4,83.0,-3.8,2023-11-23 16:00:00+00:00
2023-11-23 16:10:00+00:00,7,-1.8,,,,,,,2023-11-23 16:10:00+00:00
2023-11-23 16:20:00+00:00,7,-1.9,,,,,,,2023-11-23 16:20:00+00:00
2023-11-23 16:30:00+00:00,8,-2.7,,,,,,,2023-11-23 16:30:00+00:00
2023-11-23 16:40:00+00:00,8,-3.3,,,,,,,2023-11-23 16:40:00+00:00
2023-11-23 16:50:00+00:00,7,-2.7,,,,,,,2023-11-23 16:50:00+00:00
2023-11-23 17:00:00+00:00,7,-2.4,-1.3,8.3,334.0,0.1,74.0,-5.3,2023-11-23 17:00:00+00:00
2023-11-23 17:10:00+00:00,7,-2.4,,,,,,,2023-11-23 17:10:00+00:00
2023-11-23 17:20:00+00:00,7,-2.5,,,,,,,2023-11-23 17:20:00+00:00
2023-11-23 17:30:00+00:00,7,-2.6,,,,,,,2023-11-23 17:30:00+00:00
2023-11-23 17:40:00+00:00,7,-2.7,,,,,,,2023-11-23 17:40:00+00:00
2023-11-23 17:50:00+00:00,8,-2.7,,,,,,,2023-11-23 17:50:00+00:00
2023-11-23 18:00:00+00:00,8,-3.7,-3.1,9.5,337.0,0.3,93.0,-3.8,2023-11-23 18:00:00+00:00
2023-11-23 18:10:00+00:00,8,-3.1,,,,,,,2023-11-23 18:10:00+00:00
2023-11-23 18:20:00+00:00,9,-3.1,,,,,,,2023-11-23 18:20:00+00:00
2023-11-23 18:30:00+00:00,9,-3.1,,,,,,,2023-11-23 18:30:00+00:00
2023-11-23 18:40:00+00:00,10,-3.1,,,,,,,2023-11-23 18:40:00+00:00
2023-11-23 18:50:00+00:00,10,-3.4,,,,,,,2023-11-23 18:50:00+00:00
2023-11-23 19:00:00+00:00,10,-3.5,-2.9,6.3,342.0,0.9,87.0,-4.7,2023-11-23 19:00:00+00:00
2023-11-23 19:10:00+00:00,10,-3.5,,,,,,,2023-11-23 19:10:00+00:00
2023-11-23 19:20:00+00:00,10,-3.5,,,,,,,2023-11-23 19:20:00+00:00
2023-11-23 19:30:00+00:00,10,-3.6,,,,,,,2023-11-23 19:30:00+00:00
2023-11-23 19:40:00+00:00,10,-3.7,,,,,,,2023-11-23 19:40:00+00:00
2023-11-23 19:50:00+00:00,10,-3.5,,,,,,,2023-11-23 19:50:00+00:00
2023-11-23 20:00:00+00:00,10,-3.5,-3.3,5.3,337.0,0.1,88.0,-5.0,2023-11-23 20:00:00+00:00
2023-11-23 20:10:00+00:00,10,-5.7,,,,,,,2023-11-23 20:10:00+00:00
2023-11-23 20:20:00+00:00,10,-5.8,,,,,,,2023-11-23 20:20:00+00:00
2023-11-23 20:30:00+00:00,11,-5.1,,,,,,,2023-11-23 20:30:00+00:00
2023-11-23 20:40:00+00:00,10,-4.3,,,,,,,2023-11-23 20:40:00+00:00
2023-11-23 20:50:00+00:00,10,-4.0,,,,,,,2023-11-23 20:50:00+00:00
2023-11-23 21:00:00+00:00,10,-4.5,-3.3,5.1,332.0,0.1,84.0,-5.7,2023-11-23 21:00:00+00:00
2023-11-23 21:10:00+00:00,10,-6.0,,,,,,,2023-11-23 21:10:00+00:00
2023-11-23 21:20:00+00:00,10,-4.1,,,,,,,2023-11-23 21:20:00+00:00
2023-11-23 21:30:00+00:00,10,-3.8,,,,,,,2023-11-23 21:30:00+00:00
2023-11-23 21:40:00+00:00,10,-4.0,,,,,,,2023-11-23 21:40:00+00:00
2023-11-23 21:50:00+00:00,10,-3.9,,,,,,,2023-11-23 21:50:00+00:00
2023-11-23 22:00:00+00:00,10,-3.8,-3.3,5.0,336.0,0.0,87.0,-5.0,2023-11-23 22:00:00+00:00
2023-11-23 22:10:00+00:00,10,-3.6,,,,,,,2023-11-23 22:10:00+00:00
2023-11-23 22:20:00+00:00,10,-3.6,,,,,,,2023-11-23 22:20:00+00:00
2023-11-23 22:30:00+00:00,10,-3.6,,,,,,,2023-11-23 22:30:00+00:00
2023-11-23 22:40:00+00:00,11,-3.5,,,,,,,2023-11-23 22:40:00+00:00
2023-11-23 22:50:00+00:00,11,-3.4,,,,,,,2023-11-23 22:50:00+00:00
2023-11-23 23:00:00+00:00,11,-3.5,-3.3,6.2,329.0,0.4,93.0,-4.1,2023-11-23 23:00:00+00:00
2023-11-23 23:10:00+00:00,11,-3.4,,,,,,,2023-11-23 23:10:00+00:00
2023-11-23 23:20:00+00:00,11,-3.1,,,,,,,2023-11-23 23:20:00+00:00
2023-11-23 23:30:00+00:00,11,-3.1,,,,,,,2023-11-23 23:30:00+00:00
2023-11-23 23:40:00+00:00,12,-3.3,,,,,,,2023-11-23 23:40:00+00:00
2023-11-23 23:50:00+00:00,12,-3.2,,,,,,,2023-11-23 23:50:00+00:00
2023-11-24 00:00:00+00:00,12,-3.0,-3.0,7.3,334.0,0.9,95.0,-3.5,2023-11-24 00:00:00+00:00
2023-11-24 00:10:00+00:00,12,-3.0,,,,,,,2023-11-24 00:10:00+00:00
2023-11-24 00:20:00+00:00,12,-2.9,,,,,,,2023-11-24 00:20:00+00:00
2023-11-24 00:30:00+00:00,13,-2.9,,,,,,,2023-11-24 00:30:00+00:00
2023-11-24 00:40:00+00:00,14,-2.9,,,,,,,2023-11-24 00:40:00+00:00
2023-11-24 00:50:00+00:00,15,-3.0,,,,,,,2023-11-24 00:50:00+00:00
2023-11-24 01:00:00+00:00,15,-2.8,-2.8,5.7,329.0,2.9,97.0,-3.0,2023-11-24 01:00:00+00:00
2023-11-24 01:10:00+00:00,16,-2.9,,,,,,,2023-11-24 01:10:00+00:00
2023-11-24 01:20:00+00:00,16,-3.0,,,,,,,2023-11-24 01:20:00+00:00
2023-11-24 01:30:00+00:00,17,-3.2,,,,,,,2023-11-24 01:30:00+00:00
2023-11-24 01:40:00+00:00,16,-3.2,,,,,,,2023-11-24 01:40:00+00:00
2023-11-24 01:50:00+00:00,16,-3.3,,,,,,,2023-11-24 01:50:00+00:00
2023-11-24 02:00:00+00:00,16,-3.7,-3.0,7.9,333.0,1.3,91.0,-4.1,2023-11-24 02:00:00+00:00
2023-11-24 02:10:00+00:00,16,-3.5,,,,,,,2023-11-24 02:10:00+00:00
2023-11-24 02:20:00+00:00,15,-3.6,,,,,,,2023-11-24 02:20:00+00:00
2023-11-24 02:30:00+00:00,15,-3.4,,,,,,,2023-11-24 02:30:00+00:00
2023-11-24 02:40:00+00:00,15,-3.4,,,,,,,2023-11-24 02:40:00+00:00
2023-11-24 02:50:00+00:00,16,-3.3,,,,,,,2023-11-24 02:50:00+00:00
2023-11-24 03:00:00+00:00,17,-3.4,-3.4,6.2,336.0,1.4,96.0,-3.8,2023-11-24 03:00:00+00:00
2023-11-24 03:10:00+00:00,18,-3.5,,,,,,,2023-11-24 03:10:00+00:00
2023-11-24 03:20:00+00:00,18,-3.5,,,,,,,2023-11-24 03:20:00+00:00
2023-11-24 03:30:00+00:00,18,-3.5,,,,,,,2023-11-24 03:30:00+00:00
2023-11-24 03:40:00+00:00,18,-3.4,,,,,,,2023-11-24 03:40:00+00:00
2023-11-24 03:50:00+00:00,18,-3.4,,,,,,,2023-11-24 03:50:00+00:00
2023-11-24 04:00:00+00:00,18,-3.3,-3.1,4.8,329.0,0.9,95.0,-3.5,2023-11-24 04:00:00+00:00
2023-11-24 04:10:00+00:00,18,-3.1,,,,,,,2023-11-24 04:10:00+00:00
2023-11-24 04:20:00+00:00,19,-3.0,,,,,,,2023-11-24 04:20:00+00:00
2023-11-24 04:30:00+00:00,19,-2.9,,,,,,,2023-11-24 04:30:00+00:00
2023-11-24 04:40:00+00:00,19,-3.0,,,,,,,2023-11-24 04:40:00+00:00
2023-11-24 04:50:00+00:00,19,-3.5,,,,,,,2023-11-24 04:50:00+00:00
2023-11-24 05:00:00+00:00,19,-3.3,-3.0,5.3,335.0,1.1,92.0,-4.1,2023-11-24 05:00:00+00:00
2023-11-24 05:10:00+00:00,19,-3.2,,,,,,,2023-11-24 05:10:00+00:00
2023-11-24 05:20:00+00:00,19,-3.1,,,,,,,2023-11-24 05:20:00+00:00
2023-11-24 05:30:00+00:00,19,-3.0,,,,,,,2023-11-24 05:30:00+00:00
2023-11-24 05:40:00+00:00,19,-3.0,,,,,,,2023-11-24 05:40:00+00:00
2023-11-24 05:50:00+00:00,19,-2.9,,,,,,,2023-11-24 05:50:00+00:00
2023-11-24 06:00:00+00:00,19,-3.0,-2.9,5.1,334.0,0.2,96.0,-3.5,2023-11-24 06:00:00+00:00
2023-11-24 06:10:00+00:00,19,-3.0,,,,,,,2023-11-24 06:10:00+00:00
2023-11-24 06:20:00+00:00,19,-2.9,,,,,,,2023-11-24 06:20:00+00:00
2023-11-24 06:30:00+00:00,19,-2.9,,,,,,,2023-11-24 06:30:00+00:00
2023-11-24 06:40:00+00:00,19,-2.9,,,,,,,2023-11-24 06:40:00+00:00
2023-11-24 06:50:00+00:00,19,-2.9,,,,,,,2023-11-24 06:50:00+00:00
2023-11-24 07:00:00+00:00,19,-2.8,-2.8,3.4,338.0,0.6,97.0,-3.0,2023-11-24 07:00:00+00:00
2023-11-24 07:10:00+00:00,20,-2.9,,,,,,,2023-11-24 07:10:00+00:00
2023-11-24 07:20:00+00:00,19,-3.5,,,,,,,2023-11-24 07:20:00+00:00
2023-11-24 07:30:00+00:00,19,-3.4,,,,,,,2023-11-24 07:30:00+00:00
2023-11-24 07:40:00+00:00,19,-3.7,,,,,,,2023-11-24 07:40:00+00:00
2023-11-24 07:50:00+00:00,19,-4.0,,,,,,,2023-11-24 07:50:00+00:00
2023-11-24 08:00:00+00:00,19,-4.4,-2.6,5.6,323.0,0.1,91.0,-3.8,2023-11-24 08:00:00+00:00
2023-11-24 08:10:00+00:00,19,-5.3,,,,,,,2023-11-24 08:10:00+00:00
2023-11-24 08:20:00+00:00,19,-5.0,,,,,,,2023-11-24 08:20:00+00:00
2023-11-24 08:30:00+00:00,19,-3.3,,,,,,,2023-11-24 08:30:00+00:00
2023-11-24 08:40:00+00:00,19,-3.3,,,,,,,2023-11-24 08:40:00+00:00
2023-11-24 08:50:00+00:00,19,-3.6,,,,,,,2023-11-24 08:50:00+00:00
2023-11-24 09:00:00+00:00,19,-3.5,-2.6,4.0,331.0,0.0,88.0,-4.4,2023-11-24 09:00:00+00:00
2023-11-24 09:10:00+00:00,19,-3.7,,,,,,,2023-11-24 09:10:00+00:00
2023-11-24 09:20:00+00:00,19,-3.6,,,,,,,2023-11-24 09:20:00+00:00
2023-11-24 09:30:00+00:00,19,-3.1,,,,,,,2023-11-24 09:30:00+00:00
2023-11-24 09:40:00+00:00,19,-5.6,,,,,,,2023-11-24 09:40:00+00:00
2023-11-24 09:50:00+00:00,19,-6.2,,,,,,,2023-11-24 09:50:00+00:00
2023-11-24 10:00:00+00:00,19,-6.3,-2.8,4.4,323.0,0.0,85.0,-4.7,2023-11-24 10:00:00+00:00
2023-11-24 10:10:00+00:00,19,-6.1,,,,,,,2023-11-24 10:10:00+00:00
2023-11-24 10:20:00+00:00,19,-6.2,,,,,,,2023-11-24 10:20:00+00:00
2023-11-24 10:30:00+00:00,19,-5.9,,,,,,,2023-11-24 10:30:00+00:00
2023-11-24 10:40:00+00:00,19,-5.5,,,,,,,2023-11-24 10:40:00+00:00
2023-11-24 10:50:00+00:00,19,-6.3,,,,,,,2023-11-24 10:50:00+00:00
2023-11-24 11:00:00+00:00,19,-6.2,-1.9,4.8,337.0,0.0,70.0,-6.7,2023-11-24 11:00:00+00:00
2023-11-24 11:10:00+00:00,19,-6.8,,,,,,,2023-11-24 11:10:00+00:00
2023-11-24 11:20:00+00:00,19,-7.0,,,,,,,2023-11-24 11:20:00+00:00
2023-11-24 11:30:00+00:00,19,-6.3,,,,,,,2023-11-24 11:30:00+00:00
2023-11-24 11:40:00+00:00,19,-6.5,,,,,,,2023-11-24 11:40:00+00:00
2023-11-24 11:50:00+00:00,19,-7.3,,,,,,,2023-11-24 11:50:00+00:00
2023-11-24 12:00:00+00:00,19,-7.1,-1.8,4.6,337.0,0.0,67.0,-7.0,2023-11-24 12:00:00+00:00
2023-11-24 12:10:00+00:00,19,-6.9,,,,,,,2023-11-24 12:10:00+00:00
2023-11-24 12:20:00+00:00,19,-6.8,,,,,,,2023-11-24 12:20:00+00:00
2023-11-24 12:30:00+00:00,19,-6.6,,,,,,,2023-11-24 12:30:00+00:00
2023-11-24 12:40:00+00:00,19,-7.4,,,,,,,2023-11-24 12:40:00+00:00
2023-11-24 12:50:00+00:00,19,-7.5,,,,,,,2023-11-24 12:50:00+00:00
2023-11-24 13:00:00+00:00,19,-8.1,-2.5,3.5,330.0,0.0,72.0,-6.7,2023-11-24 13:00:00+00:00
2023-11-24 13:10:00+00:00,19,-8.4,,,,,,,2023-11-24 13:10:00+00:00
2023-11-24 13:20:00+00:00,19,-8.7,,,,,,,2023-11-24 13:20:00+00:00
2023-11-24 13:30:00+00:00,19,-7.9,,,,,,,2023-11-24 13:30:00+00:00
2023-11-24 13:40:00+00:00,19,-9.4,,,,,,,2023-11-24 13:40:00+00:00
2023-11-24 13:50:00+00:00,19,-7.8,,,,,,,2023-11-24 13:50:00+00:00
2023-11-24 14:00:00+00:00,19,-8.3,-2.2,4.0,331.0,0.0,61.0,-8.5,2023-11-24 14:00:00+00:00
2023-11-24 14:10:00+00:00,19,-7.9,,,,,,,2023-11-24 14:10:00+00:00
2023-11-24 14:20:00+00:00,19,-8.6,,,,,,,2023-11-24 14:20:00+00:00
2023-11-24 14:30:00+00:00,19,-9.8,,,,,,,2023-11-24 14:30:00+00:00
2023-11-24 14:40:00+00:00,19,-8.4,,,,,,,2023-11-24 14:40:00+00:00
2023-11-24 14:50:00+00:00,19,-8.9,,,,,,,2023-11-24 14:50:00+00:00
2023-11-24 15:00:00+00:00,19,-9.2,-3.0,3.1,331.0,0.0,66.0,-8.5,2023-11-24 15:00:00+00:00
2023-11-24 15:10:00+00:00,19,-7.8,,,,,,,2023-11-24 15:10:00+00:00
2023-11-24 15:20:00+00:00,18,-7.5,,,,,,,2023-11-24 15:20:00+00:00
2023-11-24 15:30:00+00:00,18,-8.3,,,,,,,2023-11-24 15:30:00+00:00
2023-11-24 15:40:00+00:00,18,-8.1,,,,,,,2023-11-24 15:40:00+00:00
2023-11-24 15:50:00+00:00,18,-6.6,,,,,,,2023-11-24 15:50:00+00:00
2023-11-24 16:00:00+00:00,18,-7.3,-2.4,5.0,324.0,0.0,66.0,-7.8,2023-11-24 16:00:00+00:00
2023-11-24 16:10:00+00:00,18,-7.1,,,,,,,2023-11-24 16:10:00+00:00
2023-11-24 16:20:00+00:00,18,-8.6,,,,,,,2023-11-24 16:20:00+00:00
2023-11-24 16:30:00+00:00,18,-9.0,,,,,,,2023-11-24 16:30:00+00:00
2023-11-24 16:40:00+00:00,18,-9.3,,,,,,,2023-11-24 16:40:00+00:00
2023-11-24 16:50:00+00:00,18,-8.6,,,,,,,2023-11-24 16:50:00+00:00
2023-11-24 17:00:00+00:00,18,-8.3,-3.3,3.1,322.0,0.0,75.0,-7.0,2023-11-24 17:00:00+00:00
2023-11-24 17:10:00+00:00,18,-8.3,,,,,,,2023-11-24 17:10:00+00:00
2023-11-24 17:20:00+00:00,18,-10.3,,,,,,,2023-11-24 17:20:00+00:00
2023-11-24 17:30:00+00:00,18,-10.4,,,,,,,2023-11-24 17:30:00+00:00
2023-11-24 17:40:00+00:00,18,-10.9,,,,,,,2023-11-24 17:40:00+00:00
2023-11-24 17:50:00+00:00,18,-11.7,,,,,,,2023-11-24 17:50:00+00:00
2023-11-24 18:00:00+00:00,18,-9.9,-3.2,2.1,326.0,0.0,72.0,-7.4,2023-11-24 18:00:00+00:00
2023-11-24 18:10:00+00:00,18,-9.8,,,,,,,2023-11-24 18:10:00+00:00
2023-11-24 18:20:00+00:00,18,-9.0,,,,,,,2023-11-24 18:20:00+00:00
2023-11-24 18:30:00+00:00,18,-6.7,,,,,,,2023-11-24 18:30:00+00:00
2023-11-24 18:40:00+00:00,18,-6.0,,,,,,,2023-11-24 18:40:00+00:00
2023-11-24 18:50:00+00:00,18,-6.5,,,,,,,2023-11-24 18:50:00+00:00
2023-11-24 19:00:00+00:00,18,-5.3,-3.8,0.7,150.0,0.0,77.0,-7.4,2023-11-24 19:00:00+00:00
2023-11-24 19:10:00+00:00,18,-4.7,,,,,,,2023-11-24 19:10:00+00:00
2023-11-24 19:20:00+00:00,18,-4.6,,,,,,,2023-11-24 19:20:00+00:00
